"ImagesId"	"rightsHolder"	"license"	"references"
"1088921713"	"Robin Graves"	"CC_BY_NC_4_0"	"https://www.inaturalist.org/observations/1301440"
"1227769666"	"Steve Kerr"	"CC_BY_4_0"	"https://www.inaturalist.org/observations/2549217"
"1265895473"	"Scott King"	"CC_BY_NC_4_0"	"https://www.inaturalist.org/observations/3042326"
"1453214505"	"Daniela T. Candia-Ramírez"	"CC_BY_NC_4_0"	"https://www.inaturalist.org/observations/4556508"
"1453400327"	"fairyeagle"	"CC_BY_NC_4_0"	"https://www.inaturalist.org/observations/5052587"
"1640092005"	"Jacob Littlejohn"	"CC_BY_NC_4_0"	"https://www.inaturalist.org/observations/7775475"
"1699395117"	"Nikolai Vladimirov"	"CC_BY_NC_4_0"	"https://www.inaturalist.org/observations/8657541"
"1703162673"	"hollythefrog"	"CC_BY_NC_4_0"	"https://www.inaturalist.org/observations/8803504"
"1802679912"	"hokoonwong"	"CC_BY_NC_4_0"	"https://www.inaturalist.org/observations/9119347"
"1802786468"	"nafin_ks"	"CC_BY_NC_4_0"	"https://www.inaturalist.org/observations/9395806"
"1838342752"	"Wynand Uys"	"CC_BY_NC_4_0"	"https://www.inaturalist.org/observations/10961154"
"1838353319"	"Wynand Uys"	"CC_BY_NC_4_0"	"https://www.inaturalist.org/observations/10994321"
"1838406086"	"Wynand Uys"	"CC_BY_NC_4_0"	"https://www.inaturalist.org/observations/11171014"
"1839274081"	"Stefano Doglio"	"CC_BY_NC_4_0"	"https://www.inaturalist.org/observations/1472441"
"1847416816"	"Wynand Uys"	"CC_BY_NC_4_0"	"https://www.inaturalist.org/observations/11154133"
"1848778452"	"Pasquale Buonpane"	"CC_BY_NC_4_0"	"https://www.inaturalist.org/observations/12978408"
"1850974775"	"Kim, Hyun-tae"	"CC_BY_NC_4_0"	"https://www.inaturalist.org/observations/13389272"
"1899792353"	"hokoonwong"	"CC_BY_NC_4_0"	"https://www.inaturalist.org/observations/15968749"
"1913703749"	"normfarmerimages"	"CC_BY_NC_4_0"	"https://www.inaturalist.org/observations/16685268"
"1920810392"	"Kim, Hyun-tae"	"CC_BY_NC_4_0"	"https://www.inaturalist.org/observations/17273668"
"1946339343"	"Анатолий Озерной /Anatoliy Ozernoy"	"CC_BY_NC_4_0"	"https://www.inaturalist.org/observations/18644601"
"1948765036"	"Анатолий Озерной /Anatoliy Ozernoy"	"CC_BY_NC_4_0"	"https://www.inaturalist.org/observations/18794906"
"1948779314"	"Анатолий Озерной /Anatoliy Ozernoy"	"CC_BY_NC_4_0"	"https://www.inaturalist.org/observations/18840976"
"1948788822"	"Marcello Consolo"	"CC_BY_4_0"	"https://www.inaturalist.org/observations/311586"
"1949986900"	"Анатолий Озерной /Anatoliy Ozernoy"	"CC_BY_NC_4_0"	"https://www.inaturalist.org/observations/18772397"
"1978871786"	"زين _النجم"	"CC_BY_NC_4_0"	"https://www.inaturalist.org/observations/9889840"
"1986535790"	"Анатолий Озерной /Anatoliy Ozernoy"	"CC_BY_NC_4_0"	"https://www.inaturalist.org/observations/19304697"
"1986634452"	"Sam Kieschnick"	"CC_BY_4_0"	"https://www.inaturalist.org/observations/5858363"
"1990471880"	"Robby Deans"	"CC_BY_NC_4_0"	"https://www.inaturalist.org/observations/19566530"
"1990542153"	"羅忠良"	"CC_BY_NC_4_0"	"https://www.inaturalist.org/observations/19752763"
"1990646430"	"Antonio J. Pizarro Méndez"	"CC_BY_NC_4_0"	"https://www.inaturalist.org/observations/8791880"
"2005278862"	"Aaron Echols"	"CC_BY_NC_4_0"	"https://www.inaturalist.org/observations/19979973"
"2005329455"	"i_c_riddell"	"CC_BY_4_0"	"https://www.inaturalist.org/observations/20319449"
"2005396444"	"Анатолий Озерной /Anatoliy Ozernoy"	"CC_BY_NC_4_0"	"https://www.inaturalist.org/observations/20528804"
"2013681911"	"K Schneider"	"CC_BY_NC_4_0"	"https://www.inaturalist.org/observations/12691097"
"2028469784"	"Анатолий Озерной /Anatoliy Ozernoy"	"CC_BY_NC_4_0"	"https://www.inaturalist.org/observations/21314338"
"2236887929"	"ftdoom"	"CC_BY_NC_4_0"	"https://www.inaturalist.org/observations/22530325"
"2238824388"	"Gilles San Martin"	"CC0_1_0"	"https://www.inaturalist.org/observations/23246453"
"2242750062"	"Franz Anthony"	"CC_BY_NC_4_0"	"https://www.inaturalist.org/observations/21255183"
"2242812536"	"toucan55"	"CC_BY_NC_4_0"	"https://www.inaturalist.org/observations/24461338"
"2242980039"	"Alan Kwok / Ada Tai"	"CC_BY_NC_4_0"	"https://www.inaturalist.org/observations/25093323"
"2242982232"	"Stefanie Lauritzen"	"CC_BY_4_0"	"https://www.inaturalist.org/observations/25094933"
"2244210527"	"Buddy"	"CC_BY_NC_4_0"	"https://www.inaturalist.org/observations/23193137"
"2251864766"	"giorege1959"	"CC_BY_NC_4_0"	"https://www.inaturalist.org/observations/25679083"
"2251900828"	"eliap"	"CC_BY_NC_4_0"	"https://www.inaturalist.org/observations/25799552"
"2283272102"	"Jen Sanford"	"CC_BY_NC_4_0"	"https://www.inaturalist.org/observations/28607995"
"2294418141"	"frankpierce"	"CC_BY_NC_4_0"	"https://www.inaturalist.org/observations/25680606"
"2294419634"	"simono"	"CC_BY_NC_4_0"	"https://www.inaturalist.org/observations/26045978"
"2294428741"	"bdemers76"	"CC_BY_NC_4_0"	"https://www.inaturalist.org/observations/27475642"
"2294755102"	"Jason Alexander"	"CC_BY_NC_4_0"	"https://www.inaturalist.org/observations/9830284"
"2311355605"	"Zygy"	"CC0_1_0"	"https://www.inaturalist.org/observations/29722028"
"2429381333"	"bugima1964"	"CC_BY_NC_4_0"	"https://www.inaturalist.org/observations/33875433"
"2444995440"	"Franz Anthony"	"CC_BY_NC_4_0"	"https://www.inaturalist.org/observations/30032790"
"2445004326"	"budak"	"CC_BY_NC_4_0"	"https://www.inaturalist.org/observations/6202386"
"2447999749"	"Alan Kwok / Ada Tai"	"CC_BY_NC_4_0"	"https://www.inaturalist.org/observations/35114022"
"2451585618"	"Buddy"	"CC_BY_NC_4_0"	"https://www.inaturalist.org/observations/28752569"
"2451599466"	"eliap"	"CC_BY_NC_4_0"	"https://www.inaturalist.org/observations/34727749"
"2460057032"	"Анатолий Озерной /Anatoliy Ozernoy"	"CC_BY_NC_4_0"	"https://www.inaturalist.org/observations/35881742"
"2465115103"	"Naufal Urfi Dhiya'ulhaq"	"CC_BY_NC_4_0"	"https://www.inaturalist.org/observations/30038130"
"2465242092"	"Анатолий Озерной /Anatoliy Ozernoy"	"CC_BY_NC_4_0"	"https://www.inaturalist.org/observations/36128777"
"2517945806"	"Buddy"	"CC_BY_NC_4_0"	"https://www.inaturalist.org/observations/20900882"
"2540778035"	"copper"	"CC_BY_NC_4_0"	"https://www.inaturalist.org/observations/36903530"
"2540781215"	"Bill Keim"	"CC_BY_4_0"	"https://www.inaturalist.org/observations/36964317"
"2542962230"	"venus5026"	"CC_BY_NC_4_0"	"https://www.inaturalist.org/observations/9641254"
"2543076482"	"Ísis Meri Medri"	"CC_BY_NC_4_0"	"https://www.inaturalist.org/observations/37141196"
"2550035897"	"Ísis Meri Medri"	"CC_BY_NC_4_0"	"https://www.inaturalist.org/observations/37403231"
"2557731944"	"Анатолий Озерной /Anatoliy Ozernoy"	"CC_BY_NC_4_0"	"https://www.inaturalist.org/observations/37187113"
"2573869710"	"Anne Hoggett"	"CC_BY_NC_4_0"	"https://www.inaturalist.org/observations/38531518"
"2574074643"	"Анатолий Озерной /Anatoliy Ozernoy"	"CC_BY_NC_4_0"	"https://www.inaturalist.org/observations/38110632"
"2574119132"	"Anubhav Agarwal"	"CC_BY_NC_4_0"	"https://www.inaturalist.org/observations/39139502"
"2579321761"	"blaserk"	"CC_BY_NC_4_0"	"https://www.inaturalist.org/observations/26912793"
"2579378654"	"Reiner Richter"	"CC_BY_4_0"	"https://www.inaturalist.org/observations/39876304"
"2580256475"	"Douglas"	"CC_BY_4_0"	"https://www.inaturalist.org/observations/39985636"
"2596069773"	"Kim, Hyun-tae"	"CC_BY_4_0"	"https://www.inaturalist.org/observations/22402591"
"2596099947"	"Md Jusri"	"CC_BY_NC_4_0"	"https://www.inaturalist.org/observations/37485630"
"2596288478"	"Pascal Dubois"	"CC_BY_NC_4_0"	"https://www.inaturalist.org/observations/40945874"
"2597683681"	"Chathuri Jayatissa"	"CC_BY_NC_4_0"	"https://www.inaturalist.org/observations/41617704"
"2597825901"	"giorege1959"	"CC_BY_NC_4_0"	"https://www.inaturalist.org/observations/41237325"
"2597830877"	"im_shook___"	"CC_BY_NC_4_0"	"https://www.inaturalist.org/observations/40286682"
"2610989445"	"Franz Anthony"	"CC_BY_NC_4_0"	"https://www.inaturalist.org/observations/31668727"
"2626181364"	"Rajesh Balakrishnan"	"CC_BY_4_0"	"https://www.inaturalist.org/observations/14693477"
"2634114554"	"Thomas Barbin"	"CC_BY_NC_4_0"	"https://www.inaturalist.org/observations/47934023"
"2634442420"	"Asiel Olivares"	"CC_BY_4_0"	"https://www.inaturalist.org/observations/48460273"
"2802533990"	"Анатолий Озерной /Anatoliy Ozernoy"	"CC_BY_NC_4_0"	"https://www.inaturalist.org/observations/49330248"
"2802770697"	"Buddy"	"CC_BY_NC_4_0"	"https://www.inaturalist.org/observations/46930594"
"2802825784"	"Anne Victoria LaMonte"	"CC_BY_NC_4_0"	"https://www.inaturalist.org/observations/48152360"
"2802926516"	"william van Niekerk"	"CC_BY_NC_4_0"	"https://www.inaturalist.org/observations/35952278"
"2802999118"	"Reynante Martinez"	"CC_BY_4_0"	"https://www.inaturalist.org/observations/50375606"
"2803037995"	"Md Jusri"	"CC_BY_NC_4_0"	"https://www.inaturalist.org/observations/50731422"
"2814075473"	"calebcam"	"CC_BY_NC_4_0"	"https://www.inaturalist.org/observations/51581516"
"2814393082"	"Riandika Abdul Hafizh Alhaqi"	"CC_BY_NC_4_0"	"https://www.inaturalist.org/observations/52228760"
"2818574445"	"Zygy"	"CC0_1_0"	"https://www.inaturalist.org/observations/50016063"
"2818709472"	"jpir"	"CC_BY_NC_4_0"	"https://www.inaturalist.org/observations/51124820"
"2826360395"	"Nikita Sevastianov"	"CC_BY_NC_4_0"	"https://www.inaturalist.org/observations/36751390"
"2850593528"	"arborius"	"CC_BY_NC_4_0"	"https://www.inaturalist.org/observations/44887506"
"2850713559"	"Frederik Leck Fischer"	"CC_BY_NC_4_0"	"https://www.inaturalist.org/observations/56306055"
"2851226115"	"VISHRUTA PAI"	"CC_BY_NC_4_0"	"https://www.inaturalist.org/observations/56726838"
"2856567452"	"Gabriely Vasques"	"CC_BY_NC_4_0"	"https://www.inaturalist.org/observations/54567440"
"2859960752"	"manju43in"	"CC_BY_NC_4_0"	"https://www.inaturalist.org/observations/57923410"
"2860065431"	"troi_olivares"	"CC_BY_NC_4_0"	"https://www.inaturalist.org/observations/50485778"
"2860147428"	"Zygy"	"CC0_1_0"	"https://www.inaturalist.org/observations/49676796"
"2862294468"	"sashahaldane"	"CC_BY_NC_4_0"	"https://www.inaturalist.org/observations/57213595"
"2862353174"	"Jeff Garner"	"CC_BY_NC_4_0"	"https://www.inaturalist.org/observations/58921776"
"2862429682"	"rguinness"	"CC_BY_NC_4_0"	"https://www.inaturalist.org/observations/58579643"
"2873810552"	"Анатолий Озерной /Anatoliy Ozernoy"	"CC_BY_NC_4_0"	"https://www.inaturalist.org/observations/60048684"
"2883004762"	"Анатолий Озерной /Anatoliy Ozernoy"	"CC_BY_NC_4_0"	"https://www.inaturalist.org/observations/61558527"
"2901528340"	"Reiner Richter"	"CC_BY_4_0"	"https://www.inaturalist.org/observations/25736226"
"2901545325"	"Reiner Richter"	"CC_BY_4_0"	"https://www.inaturalist.org/observations/25735024"
"2963919547"	"gypsytwitcher"	"CC_BY_NC_4_0"	"https://www.inaturalist.org/observations/63292731"
"2980959002"	"Alan Kwok / Ada Tai"	"CC_BY_NC_4_0"	"https://www.inaturalist.org/observations/64074705"
"2980995344"	"Chun Xing Wong"	"CC_BY_NC_4_0"	"https://www.inaturalist.org/observations/31153318"
"2981074752"	"Jonathan Whitaker"	"CC0_1_0"	"https://www.inaturalist.org/observations/63907946"
"2984567683"	"Bernard Noguès"	"CC_BY_NC_4_0"	"https://www.inaturalist.org/observations/64447164"
"2988438882"	"Анатолий Озерной /Anatoliy Ozernoy"	"CC_BY_NC_4_0"	"https://www.inaturalist.org/observations/65575907"
"2988482759"	"Corinna Herr"	"CC_BY_NC_4_0"	"https://www.inaturalist.org/observations/63037043"
"2988559308"	"Lek Khauv"	"CC_BY_4_0"	"https://www.inaturalist.org/observations/8438664"
"2988594761"	"Valentin Moser"	"CC_BY_4_0"	"https://www.inaturalist.org/observations/63110813"
"3008393636"	"rick_franks"	"CC_BY_NC_4_0"	"https://www.inaturalist.org/observations/66767264"
"3013995102"	"Shannon Deale"	"CC_BY_NC_4_0"	"https://www.inaturalist.org/observations/67274787"
"3017943330"	"Tito Lahaye"	"CC_BY_NC_4_0"	"https://www.inaturalist.org/observations/12476609"
"3018115575"	"Rogerio Dias"	"CC_BY_NC_4_0"	"https://www.inaturalist.org/observations/66759717"
"3031585615"	"Felix Riegel"	"CC_BY_NC_4_0"	"https://www.inaturalist.org/observations/40644077"
"3031612841"	"tcollins"	"CC_BY_NC_4_0"	"https://www.inaturalist.org/observations/57290861"
"3031624040"	"Matt Parr"	"CC_BY_NC_4_0"	"https://www.inaturalist.org/observations/64395794"
"3031689727"	"Célio Moura Neto"	"CC_BY_NC_4_0"	"https://www.inaturalist.org/observations/68057378"
"3032034841"	"James Christian"	"CC_BY_NC_4_0"	"https://www.inaturalist.org/observations/68638802"
"3032048444"	"Bernard Noguès"	"CC_BY_NC_4_0"	"https://www.inaturalist.org/observations/67855961"
"3039151462"	"Frederik Leck Fischer"	"CC_BY_NC_4_0"	"https://www.inaturalist.org/observations/37556265"
"3039231977"	"Jonathan Whitaker"	"CC0_1_0"	"https://www.inaturalist.org/observations/69360870"
"3039302797"	"Sean McCann"	"CC_BY_NC_4_0"	"https://www.inaturalist.org/observations/67527087"
"3039339775"	"Tse Chung Yi"	"CC_BY_NC_4_0"	"https://www.inaturalist.org/observations/69263369"
"3044571765"	"Lila"	"CC_BY_NC_4_0"	"https://www.inaturalist.org/observations/65802518"
"3044680401"	"Anubhav Agarwal"	"CC_BY_NC_4_0"	"https://www.inaturalist.org/observations/69712807"
"3058778989"	"javixu"	"CC_BY_NC_4_0"	"https://www.inaturalist.org/observations/70346301"
"3058847978"	"Iska"	"CC_BY_NC_4_0"	"https://www.inaturalist.org/observations/70910594"
"3058909303"	"Luann Wright"	"CC_BY_NC_4_0"	"https://www.inaturalist.org/observations/70349900"
"3058925584"	"Thomas Barbin"	"CC_BY_NC_4_0"	"https://www.inaturalist.org/observations/59630311"
"3061706253"	"hornet76"	"CC_BY_NC_4_0"	"https://www.inaturalist.org/observations/71332974"
"3061774514"	"heikindai_87"	"CC0_1_0"	"https://www.inaturalist.org/observations/71011230"
"3061799839"	"frogman44"	"CC_BY_NC_4_0"	"https://www.inaturalist.org/observations/71466091"
"3067636045"	"Colin Chiu"	"CC_BY_NC_4_0"	"https://www.inaturalist.org/observations/55919075"
"3070586990"	"Valentin Hamon"	"CC_BY_NC_4_0"	"https://www.inaturalist.org/observations/48263907"
"3079553530"	"suncana"	"CC_BY_4_0"	"https://www.inaturalist.org/observations/19513797"
"3079577824"	"Ian Manning"	"CC_BY_4_0"	"https://www.inaturalist.org/observations/51582443"
"3090575616"	"Franklin Howley-Dumit Serulle"	"CC_BY_NC_4_0"	"https://www.inaturalist.org/observations/37111058"
"3090631995"	"Daniel Roueche"	"CC_BY_NC_4_0"	"https://www.inaturalist.org/observations/72507629"
"3090651825"	"Kit Law"	"CC_BY_NC_4_0"	"https://www.inaturalist.org/observations/73931848"
"3090664569"	"Tiziano"	"CC_BY_NC_4_0"	"https://www.inaturalist.org/observations/73740530"
"3097267660"	"pogfish"	"CC_BY_NC_4_0"	"https://www.inaturalist.org/observations/74162421"
"3112298538"	"Jacky Lien."	"CC_BY_NC_4_0"	"https://www.inaturalist.org/observations/75763381"
"3112374858"	"Анатолий Озерной /Anatoliy Ozernoy"	"CC_BY_NC_4_0"	"https://www.inaturalist.org/observations/76064275"
"3113331838"	"Chathuri Jayatissa"	"CC_BY_NC_4_0"	"https://www.inaturalist.org/observations/77842496"
"3113546634"	"Erin Springinotic"	"CC_BY_NC_4_0"	"https://www.inaturalist.org/observations/78425361"
"3117810679"	"Thomas Barbin"	"CC_BY_NC_4_0"	"https://www.inaturalist.org/observations/78741954"
"3117814411"	"Amaro Alves"	"CC_BY_NC_4_0"	"https://www.inaturalist.org/observations/71834272"
"3118247672"	"Joshua Wong"	"CC_BY_NC_4_0"	"https://www.inaturalist.org/observations/78707135"
"3118374309"	"Анатолий Озерной /Anatoliy Ozernoy"	"CC_BY_NC_4_0"	"https://www.inaturalist.org/observations/22072669"
"3118404534"	"Thomas Job"	"CC_BY_NC_4_0"	"https://www.inaturalist.org/observations/78047480"
"3118474634"	"eduardmarques"	"CC_BY_NC_4_0"	"https://www.inaturalist.org/observations/79496389"
"3124754130"	"aggranada"	"CC_BY_NC_4_0"	"https://www.inaturalist.org/observations/80398410"
"3301805820"	"Merav Vonshak"	"CC_BY_NC_4_0"	"https://www.inaturalist.org/observations/80999764"
"3301830155"	"calau00"	"CC_BY_NC_4_0"	"https://www.inaturalist.org/observations/81622414"
"3302199480"	"Jacky Lien."	"CC_BY_NC_4_0"	"https://www.inaturalist.org/observations/70921688"
"3302275579"	"Natalia Bulbulashvili"	"CC_BY_NC_4_0"	"https://www.inaturalist.org/observations/81427823"
"3302422606"	"Zygy"	"CC0_1_0"	"https://www.inaturalist.org/observations/78775498"
"3307149351"	"f-owl"	"CC_BY_NC_4_0"	"https://www.inaturalist.org/observations/53758548"
"3307185083"	"Joshua Wong"	"CC_BY_NC_4_0"	"https://www.inaturalist.org/observations/83003201"
"3307200085"	"Kutushev Radik"	"CC_BY_NC_4_0"	"https://www.inaturalist.org/observations/83234331"
"3307443742"	"juliegraham173"	"CC_BY_NC_4_0"	"https://www.inaturalist.org/observations/82988961"
"3320863554"	"Степан"	"CC_BY_NC_4_0"	"https://www.inaturalist.org/observations/83487877"
"3320939722"	"Thomas Barbin"	"CC_BY_NC_4_0"	"https://www.inaturalist.org/observations/84504906"
"3320963341"	"tjeales"	"CC_BY_NC_4_0"	"https://www.inaturalist.org/observations/85084766"
"3327873027"	"Thiago Gonçalves Coronado Antunes"	"CC_BY_NC_4_0"	"https://www.inaturalist.org/observations/86568871"
"3330744654"	"Linda Rogan EntSocVic"	"CC_BY_NC_4_0"	"https://www.inaturalist.org/observations/87252043"
"3333390948"	"Shashikanth B Kambannavar"	"CC_BY_NC_4_0"	"https://www.inaturalist.org/observations/88477649"
"3335226349"	"Md Jusri"	"CC_BY_NC_4_0"	"https://www.inaturalist.org/observations/89889780"
"3337558352"	"Andrew Allen"	"CC_BY_4_0"	"https://www.inaturalist.org/observations/35222861"
"3343701773"	"Célio Moura Neto"	"CC_BY_NC_4_0"	"https://www.inaturalist.org/observations/92031211"
"3343701787"	"Naufal Urfi Dhiya'ulhaq"	"CC_BY_NC_4_0"	"https://www.inaturalist.org/observations/92111023"
"3343990820"	"Coronado Govaerts"	"CC_BY_NC_4_0"	"https://www.inaturalist.org/observations/91908891"
"3344108149"	"Shashikanth B Kambannavar"	"CC_BY_NC_4_0"	"https://www.inaturalist.org/observations/92580735"
"3355247659"	"eduardmarques"	"CC_BY_NC_4_0"	"https://www.inaturalist.org/observations/93376355"
"3355371605"	"Nikolay Petrov"	"CC_BY_NC_4_0"	"https://www.inaturalist.org/observations/94270939"
"3384038253"	"Doreen"	"CC_BY_NC_4_0"	"https://www.inaturalist.org/observations/95137038"
"3384253357"	"boris1214"	"CC_BY_NC_4_0"	"https://www.inaturalist.org/observations/97344607"
"3384758814"	"Anubhav Agarwal"	"CC_BY_NC_4_0"	"https://www.inaturalist.org/observations/95738344"
"3391656751"	"Lawrence Hylton"	"CC_BY_NC_4_0"	"https://www.inaturalist.org/observations/97619451"
"3398725880"	"Luke Mackin"	"CC_BY_NC_4_0"	"https://www.inaturalist.org/observations/97432602"
"3398747211"	"Tom"	"CC_BY_4_0"	"https://www.inaturalist.org/observations/98455615"
"3398854627"	"hkminghk"	"CC_BY_NC_4_0"	"https://www.inaturalist.org/observations/98878398"
"3399101784"	"Zygy"	"CC0_1_0"	"https://www.inaturalist.org/observations/92697038"
"3399289638"	"maelan51"	"CC_BY_NC_4_0"	"https://www.inaturalist.org/observations/98879661"
"3399299413"	"Martin Galli"	"CC_BY_NC_4_0"	"https://www.inaturalist.org/observations/99655883"
"3399319484"	"Nigel Main"	"CC_BY_4_0"	"https://www.inaturalist.org/observations/98681712"
"3399364996"	"rogstanden"	"CC_BY_NC_4_0"	"https://www.inaturalist.org/observations/99163120"
"3407944725"	"harlanpace"	"CC_BY_NC_4_0"	"https://www.inaturalist.org/observations/99742047"
"3408057874"	"anatoltolana"	"CC_BY_NC_4_0"	"https://www.inaturalist.org/observations/99859302"
"3408077332"	"tjeales"	"CC_BY_NC_4_0"	"https://www.inaturalist.org/observations/27564941"
"3408203295"	"valentina_brum"	"CC_BY_NC_4_0"	"https://www.inaturalist.org/observations/100240540"
"3415628056"	"Sugianto Tjandra"	"CC_BY_NC_4_0"	"https://www.inaturalist.org/observations/101146315"
"3415685436"	"Анатолий Озерной /Anatoliy Ozernoy"	"CC_BY_NC_4_0"	"https://www.inaturalist.org/observations/101525987"
"3415888376"	"Rahul Shenoy"	"CC_BY_NC_4_0"	"https://www.inaturalist.org/observations/101141368"
"3416004644"	"Анатолий Озерной /Anatoliy Ozernoy"	"CC_BY_NC_4_0"	"https://www.inaturalist.org/observations/101452438"
"3416090824"	"Анатолий Озерной /Anatoliy Ozernoy"	"CC_BY_NC_4_0"	"https://www.inaturalist.org/observations/101452435"
"3858680154"	"brpvlnteer"	"CC_BY_NC_4_0"	"https://www.inaturalist.org/observations/124708609"
"3858688043"	"Jane Orgee"	"CC_BY_NC_4_0"	"https://www.inaturalist.org/observations/124526346"
"3858736102"	"juanloredo"	"CC_BY_NC_4_0"	"https://www.inaturalist.org/observations/124591905"
"3858842869"	"Li"	"CC_BY_NC_4_0"	"https://www.inaturalist.org/observations/124337408"
"3858844834"	"tnewman"	"CC_BY_NC_4_0"	"https://www.inaturalist.org/observations/124241752"
"3858856017"	"JuliaSeeber"	"CC_BY_NC_4_0"	"https://www.inaturalist.org/observations/124590398"
"3858873105"	"bleu"	"CC_BY_NC_4_0"	"https://www.inaturalist.org/observations/124576469"
"3858874232"	"Joel Neylon"	"CC_BY_NC_4_0"	"https://www.inaturalist.org/observations/124649183"
"3858887337"	"jfb22"	"CC_BY_NC_4_0"	"https://www.inaturalist.org/observations/124938787"
"3858896124"	"Stephen Petersen"	"CC_BY_NC_4_0"	"https://www.inaturalist.org/observations/124528403"
"3858901394"	"Julia Pupko"	"CC_BY_4_0"	"https://www.inaturalist.org/observations/125096234"
"3858903062"	"malinaj"	"CC_BY_NC_4_0"	"https://www.inaturalist.org/observations/124589942"
"3858927141"	"gjfritz"	"CC_BY_NC_4_0"	"https://www.inaturalist.org/observations/124655308"
"3858959368"	"Reiner Richter"	"CC_BY_4_0"	"https://www.inaturalist.org/observations/125012196"
"3858990326"	"Joey Santore"	"CC_BY_NC_4_0"	"https://www.inaturalist.org/observations/124977704"
"3859096991"	"igor_voinov"	"CC_BY_NC_4_0"	"https://www.inaturalist.org/observations/124435022"
"3859117107"	"Jane Orgee"	"CC_BY_NC_4_0"	"https://www.inaturalist.org/observations/124542173"
"3859120471"	"PK Yeung"	"CC_BY_NC_4_0"	"https://www.inaturalist.org/observations/125040584"
"3859188159"	"courtmckown"	"CC_BY_NC_4_0"	"https://www.inaturalist.org/observations/124721792"
"3859234343"	"altspen"	"CC_BY_NC_4_0"	"https://www.inaturalist.org/observations/124793780"
"3859253395"	"xreboud"	"CC_BY_NC_4_0"	"https://www.inaturalist.org/observations/124893387"
"3859297333"	"Jesús A. Fernández"	"CC_BY_NC_4_0"	"https://www.inaturalist.org/observations/125022873"
"3859306320"	"argondating"	"CC_BY_NC_4_0"	"https://www.inaturalist.org/observations/124851306"
"3859309146"	"aggranada"	"CC_BY_NC_4_0"	"https://www.inaturalist.org/observations/124599463"
"3859318032"	"Marleen Schouten"	"CC_BY_NC_4_0"	"https://www.inaturalist.org/observations/124352060"
"3859327963"	"ohto"	"CC_BY_NC_4_0"	"https://www.inaturalist.org/observations/124430912"
"3859346994"	"sheenatirthan"	"CC_BY_NC_4_0"	"https://www.inaturalist.org/observations/124384706"
"3859534120"	"sabine-g"	"CC_BY_NC_4_0"	"https://www.inaturalist.org/observations/124623075"
"3859553864"	"Elizabeth Taylor"	"CC_BY_NC_4_0"	"https://www.inaturalist.org/observations/124337612"
"3859586109"	"Frédéric Blanchet"	"CC_BY_NC_4_0"	"https://www.inaturalist.org/observations/124430955"
"3859599144"	"Chris Brown"	"CC_BY_NC_4_0"	"https://www.inaturalist.org/observations/124625677"
"3859687899"	"Dallas York"	"CC_BY_NC_4_0"	"https://www.inaturalist.org/observations/124304640"
"3859721357"	"campo-ricinus"	"CC_BY_NC_4_0"	"https://www.inaturalist.org/observations/124923163"
"3859728931"	"janetejohnston"	"CC_BY_NC_4_0"	"https://www.inaturalist.org/observations/124327500"
"3859772845"	"cdhsiao"	"CC_BY_NC_4_0"	"https://www.inaturalist.org/observations/124232383"
"3859811221"	"dwg3washpa"	"CC_BY_NC_4_0"	"https://www.inaturalist.org/observations/124801238"
"3859837348"	"Anthony Kurek EntSocVic"	"CC_BY_NC_4_0"	"https://www.inaturalist.org/observations/124860924"
"3859925194"	"mike_h"	"CC_BY_NC_4_0"	"https://www.inaturalist.org/observations/124808701"
"3859927872"	"jthurston"	"CC_BY_NC_4_0"	"https://www.inaturalist.org/observations/124352679"
"3859958380"	"urlin"	"CC_BY_NC_4_0"	"https://www.inaturalist.org/observations/124934778"
"3859974513"	"earth_worm_mood"	"CC_BY_NC_4_0"	"https://www.inaturalist.org/observations/125093506"
"3860055082"	"Robin"	"CC_BY_NC_4_0"	"https://www.inaturalist.org/observations/124600660"
"3860074946"	"Jonathan"	"CC_BY_4_0"	"https://www.inaturalist.org/observations/124424218"
"3860214075"	"Sonorabee"	"CC_BY_NC_4_0"	"https://www.inaturalist.org/observations/124511296"
"3860253014"	"ywolf"	"CC_BY_NC_4_0"	"https://www.inaturalist.org/observations/124412394"
"3860291086"	"herphendrie"	"CC_BY_NC_4_0"	"https://www.inaturalist.org/observations/124680959"
"3860303941"	"nomesdownunder"	"CC_BY_NC_4_0"	"https://www.inaturalist.org/observations/124360825"
"3860450300"	"marcus_zimmermann"	"CC_BY_NC_4_0"	"https://www.inaturalist.org/observations/124874220"
"3860536880"	"Jean-Claude Lablanquie"	"CC_BY_NC_4_0"	"https://www.inaturalist.org/observations/124405070"
"3860578049"	"tdf"	"CC_BY_NC_4_0"	"https://www.inaturalist.org/observations/124573423"
"3860655362"	"Immy Smith"	"CC_BY_NC_4_0"	"https://www.inaturalist.org/observations/125007382"
"3860698029"	"Cricket Raspet"	"CC_BY_4_0"	"https://www.inaturalist.org/observations/124481660"
"3860824073"	"rsjsmart"	"CC_BY_NC_4_0"	"https://www.inaturalist.org/observations/124685983"
"3860835352"	"Rafael Silva"	"CC_BY_NC_4_0"	"https://www.inaturalist.org/observations/125026181"
"3872868038"	"Donald Davesne"	"CC_BY_4_0"	"https://www.inaturalist.org/observations/125225360"
"3872870890"	"gcarrion"	"CC_BY_NC_4_0"	"https://www.inaturalist.org/observations/125138798"
"3872932990"	"rcarr009"	"CC_BY_NC_4_0"	"https://www.inaturalist.org/observations/125051496"
"3872956926"	"arlittt"	"CC_BY_NC_4_0"	"https://www.inaturalist.org/observations/124847526"
"3872961140"	"Jeff Ward"	"CC_BY_NC_4_0"	"https://www.inaturalist.org/observations/125269751"
"3872961149"	"heatherchar"	"CC_BY_NC_4_0"	"https://www.inaturalist.org/observations/125275196"
"3872967885"	"Mishanook"	"CC_BY_NC_4_0"	"https://www.inaturalist.org/observations/125479884"
"3872978854"	"Jan Ebr"	"CC_BY_4_0"	"https://www.inaturalist.org/observations/125296698"
"3873008963"	"Gene H"	"CC_BY_NC_4_0"	"https://www.inaturalist.org/observations/125445001"
"3873014296"	"Sandro Suarez Aranda"	"CC_BY_NC_4_0"	"https://www.inaturalist.org/observations/126456797"
"3873028097"	"k3outdoors"	"CC_BY_NC_4_0"	"https://www.inaturalist.org/observations/125182273"
"3873028208"	"João Esteves"	"CC_BY_NC_4_0"	"https://www.inaturalist.org/observations/125254336"
"3873036158"	"Jack Verdin"	"CC_BY_NC_4_0"	"https://www.inaturalist.org/observations/125209935"
"3873038216"	"Stephen Petersen"	"CC_BY_NC_4_0"	"https://www.inaturalist.org/observations/125247193"
"3873071360"	"rowan_m"	"CC_BY_4_0"	"https://www.inaturalist.org/observations/126950999"
"3873073168"	"Matthew Vosper"	"CC_BY_4_0"	"https://www.inaturalist.org/observations/127585117"
"3873079371"	"Mark Wynja"	"CC_BY_NC_4_0"	"https://www.inaturalist.org/observations/126992687"
"3873093362"	"Aleksandr_Levon"	"CC_BY_NC_4_0"	"https://www.inaturalist.org/observations/126636995"
"3873102555"	"Jim Brighton"	"CC_BY_NC_4_0"	"https://www.inaturalist.org/observations/127929311"
"3873107508"	"Michael L"	"CC_BY_NC_4_0"	"https://www.inaturalist.org/observations/127018825"
"3873108082"	"Susan Elliott"	"CC_BY_NC_4_0"	"https://www.inaturalist.org/observations/127434229"
"3873116790"	"Ernst Weiher"	"CC_BY_NC_4_0"	"https://www.inaturalist.org/observations/126598922"
"3873119485"	"Pizzas fear me"	"CC_BY_NC_4_0"	"https://www.inaturalist.org/observations/127811636"
"3873119673"	"thibaut-pilatte"	"CC_BY_NC_4_0"	"https://www.inaturalist.org/observations/128023478"
"3873125659"	"Николай Виноградов"	"CC_BY_NC_4_0"	"https://www.inaturalist.org/observations/127990512"
"3873147542"	"primulaclara"	"CC_BY_NC_4_0"	"https://www.inaturalist.org/observations/125650136"
"3873157181"	"Tom Scavo"	"CC_BY_NC_4_0"	"https://www.inaturalist.org/observations/127148578"
"3873161095"	"Jessee J. Smith"	"CC_BY_NC_4_0"	"https://www.inaturalist.org/observations/126126534"
"3873175240"	"Hugo Innes"	"CC_BY_NC_4_0"	"https://www.inaturalist.org/observations/126976544"
"3873182376"	"Nathan Clark"	"CC_BY_NC_4_0"	"https://www.inaturalist.org/observations/125896436"
"3873183158"	"mvz-juangonzalezromero"	"CC_BY_NC_4_0"	"https://www.inaturalist.org/observations/126920789"
"3873188708"	"Лейла Д."	"CC_BY_NC_4_0"	"https://www.inaturalist.org/observations/127507216"
"3873197999"	"Martin Galli"	"CC_BY_NC_4_0"	"https://www.inaturalist.org/observations/127985263"
"3873199643"	"PK Yeung"	"CC_BY_NC_4_0"	"https://www.inaturalist.org/observations/125929365"
"3873201007"	"mikoskin"	"CC_BY_NC_4_0"	"https://www.inaturalist.org/observations/125936706"
"3873202308"	"Yaman Omran"	"CC_BY_NC_4_0"	"https://www.inaturalist.org/observations/126852856"
"3873210919"	"RattyExplores"	"CC_BY_NC_4_0"	"https://www.inaturalist.org/observations/125871258"
"3873212322"	"sshowalter"	"CC_BY_NC_4_0"	"https://www.inaturalist.org/observations/125326731"
"3873213890"	"Joanne Redwood"	"CC_BY_NC_4_0"	"https://www.inaturalist.org/observations/126950819"
"3873214069"	"flue"	"CC_BY_NC_4_0"	"https://www.inaturalist.org/observations/127103067"
"3873215239"	"Carmen Rodrigues"	"CC_BY_NC_4_0"	"https://www.inaturalist.org/observations/125994003"
"3873219931"	"kjalbrig2017"	"CC_BY_NC_4_0"	"https://www.inaturalist.org/observations/125984381"
"3873227048"	"Mic Tep"	"CC_BY_NC_4_0"	"https://www.inaturalist.org/observations/125889880"
"3873230998"	"Ahn Feldman"	"CC_BY_NC_4_0"	"https://www.inaturalist.org/observations/125563789"
"3873235482"	"Annika Lindqvist"	"CC_BY_4_0"	"https://www.inaturalist.org/observations/127861345"
"3873257127"	"aggranada"	"CC_BY_NC_4_0"	"https://www.inaturalist.org/observations/125364298"
"3873257179"	"tmanno2001"	"CC_BY_NC_4_0"	"https://www.inaturalist.org/observations/125397526"
"3873270065"	"Michał Brzeziński"	"CC_BY_NC_4_0"	"https://www.inaturalist.org/observations/127550557"
"3873281359"	"Karsten Mody"	"CC_BY_NC_4_0"	"https://www.inaturalist.org/observations/126266268"
"3873288952"	"hurklouise"	"CC_BY_NC_4_0"	"https://www.inaturalist.org/observations/127274599"
"3873289876"	"tngardener"	"CC_BY_NC_4_0"	"https://www.inaturalist.org/observations/124354448"
"3873322914"	"svatka"	"CC_BY_NC_4_0"	"https://www.inaturalist.org/observations/127490752"
"3873324525"	"joanamg"	"CC_BY_NC_4_0"	"https://www.inaturalist.org/observations/127747497"
"3873333544"	"jderby125"	"CC_BY_NC_4_0"	"https://www.inaturalist.org/observations/126225285"
"3873334715"	"dawsonspecial"	"CC_BY_NC_4_0"	"https://www.inaturalist.org/observations/126560074"
"3873341086"	"lava_chen"	"CC_BY_NC_4_0"	"https://www.inaturalist.org/observations/125186225"
"3873345865"	"jakulo"	"CC_BY_NC_4_0"	"https://www.inaturalist.org/observations/127053581"
"3873350040"	"Stephanie R. Schneider"	"CC_BY_NC_4_0"	"https://www.inaturalist.org/observations/125888773"
"3873350615"	"deeproots42"	"CC_BY_NC_4_0"	"https://www.inaturalist.org/observations/126332564"
"3873354941"	"Jyrki Sahinoja"	"CC_BY_NC_4_0"	"https://www.inaturalist.org/observations/125772431"
"3873357479"	"Rob Westerduijn"	"CC_BY_NC_4_0"	"https://www.inaturalist.org/observations/126852506"
"3873361043"	"Timur Kalininsky"	"CC_BY_NC_4_0"	"https://www.inaturalist.org/observations/126561762"
"3873376225"	"teastham"	"CC_BY_NC_4_0"	"https://www.inaturalist.org/observations/125401365"
"3873408405"	"Eddie Pile (they/them)"	"CC_BY_NC_4_0"	"https://www.inaturalist.org/observations/127498278"
"3873414137"	"borararas"	"CC_BY_NC_4_0"	"https://www.inaturalist.org/observations/127523726"
"3873421697"	"Aleksandr_Levon"	"CC_BY_NC_4_0"	"https://www.inaturalist.org/observations/127897479"
"3873425968"	"Roy Lowry"	"CC_BY_4_0"	"https://www.inaturalist.org/observations/125148685"
"3873430936"	"Efraín Octavio Aguilar Pérez"	"CC_BY_NC_4_0"	"https://www.inaturalist.org/observations/127073156"
"3873452601"	"mbarath"	"CC_BY_NC_4_0"	"https://www.inaturalist.org/observations/127913408"
"3873454367"	"mbarath"	"CC_BY_NC_4_0"	"https://www.inaturalist.org/observations/126188093"
"3873458923"	"Thijs Valkenburg"	"CC_BY_NC_4_0"	"https://www.inaturalist.org/observations/125689758"
"3873461012"	"Wich'yanan L"	"CC_BY_4_0"	"https://www.inaturalist.org/observations/126618512"
"3873461790"	"Vladimir Bryukhov"	"CC_BY_NC_4_0"	"https://www.inaturalist.org/observations/127953455"
"3873507891"	"Julien Renoult"	"CC0_1_0"	"https://www.inaturalist.org/observations/126263034"
"3873513027"	"Valentin Moser"	"CC_BY_4_0"	"https://www.inaturalist.org/observations/125208721"
"3873524242"	"Артур"	"CC_BY_NC_4_0"	"https://www.inaturalist.org/observations/126659823"
"3873531982"	"Yaman Omran"	"CC_BY_NC_4_0"	"https://www.inaturalist.org/observations/125198276"
"3873538401"	"Graeme Rigg"	"CC_BY_NC_4_0"	"https://www.inaturalist.org/observations/125409452"
"3873538466"	"acptak"	"CC_BY_NC_4_0"	"https://www.inaturalist.org/observations/125449241"
"3873551803"	"Ashleigh Miller"	"CC_BY_NC_4_0"	"https://www.inaturalist.org/observations/127674593"
"3873551839"	"seth_az"	"CC_BY_NC_4_0"	"https://www.inaturalist.org/observations/127704797"
"3873558340"	"LapisOre"	"CC_BY_NC_4_0"	"https://www.inaturalist.org/observations/127222384"
"3873560602"	"trinmass"	"CC_BY_NC_4_0"	"https://www.inaturalist.org/observations/125572405"
"3873567367"	"Graeme Rigg"	"CC_BY_NC_4_0"	"https://www.inaturalist.org/observations/125409044"
"3873567926"	"sinit"	"CC_BY_NC_4_0"	"https://www.inaturalist.org/observations/126080291"
"3873577164"	"ravioliet"	"CC_BY_NC_4_0"	"https://www.inaturalist.org/observations/126983128"
"3873578718"	"Michael Orgill"	"CC_BY_NC_4_0"	"https://www.inaturalist.org/observations/125564514"
"3873582844"	"averagewalrus"	"CC_BY_4_0"	"https://www.inaturalist.org/observations/125682561"
"3873584935"	"Shawn Taylor"	"CC0_1_0"	"https://www.inaturalist.org/observations/125303044"
"3873588344"	"Courtney Christie"	"CC_BY_NC_4_0"	"https://www.inaturalist.org/observations/126171437"
"3873589844"	"svg52"	"CC_BY_NC_4_0"	"https://www.inaturalist.org/observations/127456311"
"3873595765"	"wleurs"	"CC_BY_NC_4_0"	"https://www.inaturalist.org/observations/125614383"
"3873596137"	"Merlin"	"CC_BY_NC_4_0"	"https://www.inaturalist.org/observations/125915055"
"3873611794"	"Philippe Hénault"	"CC_BY_NC_4_0"	"https://www.inaturalist.org/observations/124688298"
"3873621107"	"Irene Saltini"	"CC0_1_0"	"https://www.inaturalist.org/observations/126041206"
"3873621888"	"Christoph Moning"	"CC_BY_4_0"	"https://www.inaturalist.org/observations/125159866"
"3873624147"	"Eugenio Pighi"	"CC_BY_NC_4_0"	"https://www.inaturalist.org/observations/126625860"
"3873633998"	"suncana"	"CC_BY_4_0"	"https://www.inaturalist.org/observations/126859063"
"3873634994"	"David McCorquodale"	"CC_BY_4_0"	"https://www.inaturalist.org/observations/125309796"
"3873635005"	"Chris Poling"	"CC_BY_NC_4_0"	"https://www.inaturalist.org/observations/125339379"
"3873635550"	"Denis Makhnovsky"	"CC_BY_NC_4_0"	"https://www.inaturalist.org/observations/126193255"
"3873645667"	"Stephen James McWilliam"	"CC0_1_0"	"https://www.inaturalist.org/observations/125646680"
"3873645704"	"Zachary Chapman"	"CC_BY_NC_4_0"	"https://www.inaturalist.org/observations/125663078"
"3873663430"	"rowanny"	"CC_BY_NC_4_0"	"https://www.inaturalist.org/observations/126202795"
"3873667514"	"mazeson"	"CC_BY_NC_4_0"	"https://www.inaturalist.org/observations/125519922"
"3873679160"	"altspen"	"CC_BY_NC_4_0"	"https://www.inaturalist.org/observations/125514996"
"3873701735"	"onidiras-iNaturalist"	"CC_BY_NC_4_0"	"https://www.inaturalist.org/observations/127327001"
"3873704677"	"Shamgar BROOK"	"CC_BY_NC_4_0"	"https://www.inaturalist.org/observations/127272001"
"3873710091"	"Zinnia Xu"	"CC0_1_0"	"https://www.inaturalist.org/observations/125233075"
"3873733452"	"gihawi"	"CC_BY_NC_4_0"	"https://www.inaturalist.org/observations/126101078"
"3873735083"	"Ingrid Kaatz"	"CC_BY_NC_4_0"	"https://www.inaturalist.org/observations/127317453"
"3873736145"	"Yellow"	"CC_BY_NC_4_0"	"https://www.inaturalist.org/observations/127465216"
"3873743117"	"Aidan"	"CC_BY_NC_4_0"	"https://www.inaturalist.org/observations/127503967"
"3873743906"	"goolsbjr"	"CC_BY_NC_4_0"	"https://www.inaturalist.org/observations/127389114"
"3873753435"	"rowan_m"	"CC_BY_4_0"	"https://www.inaturalist.org/observations/126189945"
"3873765733"	"Michael A. Voeltz"	"CC_BY_NC_4_0"	"https://www.inaturalist.org/observations/126009073"
"3873769842"	"Izabella Farr"	"CC_BY_NC_4_0"	"https://www.inaturalist.org/observations/126612611"
"3873773208"	"Max G.W. Verheij"	"CC_BY_NC_4_0"	"https://www.inaturalist.org/observations/127125922"
"3873773872"	"Bobby McCabe"	"CC_BY_4_0"	"https://www.inaturalist.org/observations/128007428"
"3873774818"	"Paul Tavares"	"CC_BY_NC_4_0"	"https://www.inaturalist.org/observations/125965814"
"3873778483"	"jacobfamily"	"CC_BY_NC_4_0"	"https://www.inaturalist.org/observations/125993492"
"3873778969"	"emmaks"	"CC_BY_NC_4_0"	"https://www.inaturalist.org/observations/126790685"
"3873796322"	"Sam Moore"	"CC_BY_NC_4_0"	"https://www.inaturalist.org/observations/127688341"
"3873808064"	"Joanne Redwood"	"CC_BY_NC_4_0"	"https://www.inaturalist.org/observations/126180416"
"3873837929"	"Rebecca Scott"	"CC_BY_NC_4_0"	"https://www.inaturalist.org/observations/126530286"
"3873838021"	"Levi smith"	"CC_BY_NC_4_0"	"https://www.inaturalist.org/observations/126603465"
"3873840191"	"Jakob Fahr"	"CC_BY_4_0"	"https://www.inaturalist.org/observations/126717138"
"3873844716"	"A van den Beemt"	"CC_BY_NC_4_0"	"https://www.inaturalist.org/observations/127207721"
"3873847591"	"Nicholas Canino"	"CC_BY_NC_4_0"	"https://www.inaturalist.org/observations/125532926"
"3873848145"	"lemonhuang"	"CC_BY_NC_4_0"	"https://www.inaturalist.org/observations/125903753"
"3873849161"	"Danio Miserocchi"	"CC_BY_NC_4_0"	"https://www.inaturalist.org/observations/125963331"
"3873849382"	"cmsamoila"	"CC_BY_NC_4_0"	"https://www.inaturalist.org/observations/125387321"
"3873853054"	"Σάββας Ζαφειρίου (Savvas Zafeiriou)"	"CC_BY_NC_4_0"	"https://www.inaturalist.org/observations/126828301"
"3873856513"	"Chris Friesen"	"CC0_1_0"	"https://www.inaturalist.org/observations/125517682"
"3873856906"	"jc_besch"	"CC_BY_NC_4_0"	"https://www.inaturalist.org/observations/125772238"
"3873857901"	"Alexey Katz"	"CC_BY_NC_4_0"	"https://www.inaturalist.org/observations/126485602"
"3873860254"	"christopherbonis"	"CC_BY_NC_4_0"	"https://www.inaturalist.org/observations/126290171"
"3873860752"	"Charles and Kathy Appell"	"CC_BY_NC_4_0"	"https://www.inaturalist.org/observations/125843359"
"3873883689"	"reddad"	"CC_BY_NC_4_0"	"https://www.inaturalist.org/observations/127835403"
"3873887101"	"Brian Ahern"	"CC_BY_NC_4_0"	"https://www.inaturalist.org/observations/125831078"
"3873887576"	"the_explorer"	"CC_BY_NC_4_0"	"https://www.inaturalist.org/observations/126267027"
"3873910405"	"Alexander Popov"	"CC_BY_NC_4_0"	"https://www.inaturalist.org/observations/125626411"
"3873917884"	"Kostas Zontanos"	"CC_BY_NC_4_0"	"https://www.inaturalist.org/observations/127262284"
"3873919489"	"sunny"	"CC0_1_0"	"https://www.inaturalist.org/observations/126267502"
"3873936798"	"Brendan O'Loughlin"	"CC_BY_NC_4_0"	"https://www.inaturalist.org/observations/126127504"
"3873940912"	"carissab"	"CC_BY_NC_4_0"	"https://www.inaturalist.org/observations/125785018"
"3873941333"	"Sydney Penner"	"CC_BY_NC_4_0"	"https://www.inaturalist.org/observations/127798093"
"3873945662"	"Dave Manley"	"CC_BY_NC_4_0"	"https://www.inaturalist.org/observations/127592873"
"3873948110"	"Σάββας Ζαφειρίου (Savvas Zafeiriou)"	"CC_BY_NC_4_0"	"https://www.inaturalist.org/observations/127837010"
"3873957353"	"eliadne"	"CC_BY_NC_4_0"	"https://www.inaturalist.org/observations/126578138"
"3873973620"	"MJDapifer"	"CC_BY_NC_4_0"	"https://www.inaturalist.org/observations/127216401"
"3873980591"	"maryzen"	"CC_BY_NC_4_0"	"https://www.inaturalist.org/observations/125501379"
"3873984817"	"sergey_voronkin"	"CC_BY_NC_4_0"	"https://www.inaturalist.org/observations/126409057"
"3874002791"	"gersandec"	"CC_BY_NC_4_0"	"https://www.inaturalist.org/observations/126816678"
"3874007065"	"Matt Keevil"	"CC_BY_NC_4_0"	"https://www.inaturalist.org/observations/127380659"
"3874012542"	"Ken A. Thompson"	"CC_BY_NC_4_0"	"https://www.inaturalist.org/observations/126718768"
"3874014572"	"ldvn"	"CC_BY_4_0"	"https://www.inaturalist.org/observations/127596496"
"3874026735"	"Lee H Miller"	"CC_BY_NC_4_0"	"https://www.inaturalist.org/observations/125683231"
"3874040199"	"joea2a"	"CC_BY_NC_4_0"	"https://www.inaturalist.org/observations/127819729"
"3874053450"	"Σάββας Ζαφειρίου (Savvas Zafeiriou)"	"CC_BY_NC_4_0"	"https://www.inaturalist.org/observations/126828299"
"3874077959"	"Katie Gipson"	"CC_BY_4_0"	"https://www.inaturalist.org/observations/126582652"
"3874086575"	"Σάββας Ζαφειρίου (Savvas Zafeiriou)"	"CC_BY_NC_4_0"	"https://www.inaturalist.org/observations/127860362"
"3874104545"	"Will Kostick"	"CC_BY_NC_4_0"	"https://www.inaturalist.org/observations/125680684"
"3874104773"	"Katie Woods"	"CC_BY_4_0"	"https://www.inaturalist.org/observations/125844097"
"3874146064"	"ngatalo"	"CC_BY_NC_4_0"	"https://www.inaturalist.org/observations/125883215"
"3874164721"	"jeremmi"	"CC_BY_NC_4_0"	"https://www.inaturalist.org/observations/127711553"
"3874164886"	"Martin Galli"	"CC_BY_NC_4_0"	"https://www.inaturalist.org/observations/127981112"
"3874165877"	"Rene Kimray"	"CC_BY_4_0"	"https://www.inaturalist.org/observations/126285675"
"3874167787"	"David Weisenbeck"	"CC_BY_4_0"	"https://www.inaturalist.org/observations/127126914"
"3874192917"	"Ilan Ozer"	"CC_BY_NC_4_0"	"https://www.inaturalist.org/observations/126971258"
"3874200470"	"kirrr"	"CC_BY_NC_4_0"	"https://www.inaturalist.org/observations/126185473"
"3881336847"	"herphendrie"	"CC_BY_NC_4_0"	"https://www.inaturalist.org/observations/128948684"
"3881340721"	"ssshan"	"CC_BY_NC_4_0"	"https://www.inaturalist.org/observations/128547659"
"3881343592"	"Angela"	"CC_BY_NC_4_0"	"https://www.inaturalist.org/observations/128120027"
"3881347576"	"Karyn Molines"	"CC_BY_NC_4_0"	"https://www.inaturalist.org/observations/128016995"
"3881349944"	"cincyjeff"	"CC_BY_NC_4_0"	"https://www.inaturalist.org/observations/128324268"
"3881353182"	"ssshan"	"CC_BY_NC_4_0"	"https://www.inaturalist.org/observations/128553082"
"3881359023"	"schildiselma"	"CC_BY_NC_4_0"	"https://www.inaturalist.org/observations/128358163"
"3881364503"	"Kevin"	"CC_BY_NC_4_0"	"https://www.inaturalist.org/observations/127379179"
"3881364862"	"Elias P"	"CC_BY_NC_4_0"	"https://www.inaturalist.org/observations/128650987"
"3881364991"	"vodahe"	"CC_BY_NC_4_0"	"https://www.inaturalist.org/observations/128786266"
"3881368499"	"Felix Neff"	"CC_BY_NC_4_0"	"https://www.inaturalist.org/observations/127260077"
"3881397590"	"Michael Orgill"	"CC_BY_NC_4_0"	"https://www.inaturalist.org/observations/128067558"
"3881417736"	"thed"	"CC_BY_NC_4_0"	"https://www.inaturalist.org/observations/128514103"
"3881434799"	"Otto Bylén Claesson"	"CC_BY_NC_4_0"	"https://www.inaturalist.org/observations/128267310"
"3881448467"	"Marco Zozaya"	"CC_BY_NC_4_0"	"https://www.inaturalist.org/observations/127149917"
"3881491544"	"Dawid"	"CC_BY_NC_4_0"	"https://www.inaturalist.org/observations/127683304"
"3881553668"	"CactusFriend aka Butterfly"	"CC_BY_NC_4_0"	"https://www.inaturalist.org/observations/128930733"
"3881557704"	"Dmitry Dubikovskiy"	"CC_BY_NC_4_0"	"https://www.inaturalist.org/observations/128577748"
"3881595495"	"Dmitry Dubikovskiy"	"CC_BY_NC_4_0"	"https://www.inaturalist.org/observations/126334663"
"3881602461"	"Teemu Väisänen"	"CC_BY_4_0"	"https://www.inaturalist.org/observations/126513103"
"3881607590"	"Annika Lindqvist"	"CC_BY_4_0"	"https://www.inaturalist.org/observations/128103492"
"3881609884"	"Annika Lindqvist"	"CC_BY_4_0"	"https://www.inaturalist.org/observations/128246711"
"3881625502"	"Pauline Singleton"	"CC_BY_NC_4_0"	"https://www.inaturalist.org/observations/128933493"
"3881635460"	"Shannon"	"CC_BY_NC_4_0"	"https://www.inaturalist.org/observations/128803157"
"3881646633"	"Nathaniel Sharp"	"CC_BY_NC_4_0"	"https://www.inaturalist.org/observations/128952009"
"3881711253"	"Courtney Christie"	"CC_BY_NC_4_0"	"https://www.inaturalist.org/observations/128572356"
"3881711896"	"lilcar"	"CC_BY_NC_4_0"	"https://www.inaturalist.org/observations/128274242"
"3881720928"	"Lilia Efimtseva"	"CC_BY_NC_4_0"	"https://www.inaturalist.org/observations/128283126"
"3881727778"	"Deon"	"CC_BY_NC_4_0"	"https://www.inaturalist.org/observations/128973333"
"3881732082"	"Thijs Valkenburg"	"CC_BY_NC_4_0"	"https://www.inaturalist.org/observations/128695733"
"3881732869"	"Jason Ksepka"	"CC_BY_NC_4_0"	"https://www.inaturalist.org/observations/128785944"
"3881746862"	"Jean-Paul Boerekamps"	"CC0_1_0"	"https://www.inaturalist.org/observations/128413063"
"3881764646"	"Isaac Neeley"	"CC_BY_NC_4_0"	"https://www.inaturalist.org/observations/128202180"
"3881770276"	"Katriina Ilves"	"CC_BY_NC_4_0"	"https://www.inaturalist.org/observations/128902324"
"3881773550"	"Wolfgang Bacher"	"CC_BY_NC_4_0"	"https://www.inaturalist.org/observations/127210502"
"3881783867"	"Roman Burgsteiner"	"CC_BY_NC_4_0"	"https://www.inaturalist.org/observations/128763677"
"3881786700"	"Ian Alexander"	"CC_BY_NC_4_0"	"https://www.inaturalist.org/observations/128401504"
"3881792262"	"rothney"	"CC_BY_NC_4_0"	"https://www.inaturalist.org/observations/128733891"
"3881792766"	"Boaz Benaiah Solorio"	"CC_BY_NC_4_0"	"https://www.inaturalist.org/observations/128225172"
"3881810047"	"Helena Yarova"	"CC_BY_NC_4_0"	"https://www.inaturalist.org/observations/128990937"
"3881815641"	"Will Kuhn"	"CC_BY_4_0"	"https://www.inaturalist.org/observations/128122879"
"3881821465"	"nip13"	"CC_BY_NC_4_0"	"https://www.inaturalist.org/observations/124804902"
"3881832038"	"gljcrsmith"	"CC_BY_NC_4_0"	"https://www.inaturalist.org/observations/129070135"
"3881832667"	"iona12"	"CC_BY_NC_4_0"	"https://www.inaturalist.org/observations/128134743"
"3881842684"	"emendela"	"CC_BY_NC_4_0"	"https://www.inaturalist.org/observations/128907461"
"3881848545"	"Luca Boscain"	"CC_BY_NC_4_0"	"https://www.inaturalist.org/observations/128954940"
"3881850471"	"Seth Wollney"	"CC_BY_4_0"	"https://www.inaturalist.org/observations/129165241"
"3881866363"	"nicknicky"	"CC_BY_NC_4_0"	"https://www.inaturalist.org/observations/128800869"
"3881871390"	"steph1022"	"CC_BY_NC_4_0"	"https://www.inaturalist.org/observations/128697132"
"3881871937"	"allenwoodliffe"	"CC_BY_NC_4_0"	"https://www.inaturalist.org/observations/129191835"
"3881887497"	"Joe Bartok"	"CC_BY_NC_4_0"	"https://www.inaturalist.org/observations/128805056"
"3881894476"	"bryony_bee"	"CC_BY_NC_4_0"	"https://www.inaturalist.org/observations/128761185"
"3881902345"	"Lena Zappia"	"CC_BY_NC_4_0"	"https://www.inaturalist.org/observations/128925872"
"3888706612"	"Brian Starzomski"	"CC0_1_0"	"https://www.inaturalist.org/observations/129264929"
"3888731788"	"Pascal Dubois"	"CC_BY_NC_4_0"	"https://www.inaturalist.org/observations/129945896"
"3888738473"	"Emily Frank"	"CC_BY_NC_4_0"	"https://www.inaturalist.org/observations/127626629"
"3888738575"	"eliegaget"	"CC_BY_NC_4_0"	"https://www.inaturalist.org/observations/128993261"
"3888740714"	"jrcagle"	"CC_BY_4_0"	"https://www.inaturalist.org/observations/129749568"
"3888751526"	"stragu"	"CC_BY_NC_4_0"	"https://www.inaturalist.org/observations/128361963"
"3888767728"	"Quentin Gaillard"	"CC_BY_NC_4_0"	"https://www.inaturalist.org/observations/129464785"
"3888768520"	"terpebauer"	"CC_BY_NC_4_0"	"https://www.inaturalist.org/observations/126249907"
"3888806469"	"Tobias"	"CC_BY_NC_4_0"	"https://www.inaturalist.org/observations/125780323"
"3888851821"	"Jon J. Laysell"	"CC_BY_NC_4_0"	"https://www.inaturalist.org/observations/129353334"
"3888867652"	"Seth Wollney"	"CC_BY_4_0"	"https://www.inaturalist.org/observations/129204686"
"3888891621"	"danipoke"	"CC_BY_NC_4_0"	"https://www.inaturalist.org/observations/129203559"
"3889016494"	"dianabort"	"CC_BY_NC_4_0"	"https://www.inaturalist.org/observations/127543552"
"3889047539"	"aledh"	"CC_BY_NC_4_0"	"https://www.inaturalist.org/observations/128427992"
"3889051809"	"Shalahuddin Averroes Supartha"	"CC_BY_NC_4_0"	"https://www.inaturalist.org/observations/129508588"
"3889058338"	"aga-ma"	"CC_BY_NC_4_0"	"https://www.inaturalist.org/observations/129740297"
"3889124365"	"Piotr Lukasik"	"CC_BY_NC_4_0"	"https://www.inaturalist.org/observations/129813308"
"3889134904"	"euqirneto"	"CC0_1_0"	"https://www.inaturalist.org/observations/130078152"
"3889168495"	"axleym"	"CC_BY_NC_4_0"	"https://www.inaturalist.org/observations/127372064"
"3889172509"	"Jyrki Sahinoja"	"CC_BY_NC_4_0"	"https://www.inaturalist.org/observations/126316565"
"3889196452"	"Urban Alič"	"CC_BY_4_0"	"https://www.inaturalist.org/observations/125815677"
"3889212367"	"Тимофей Палкин"	"CC_BY_NC_4_0"	"https://www.inaturalist.org/observations/129716471"
"3889254591"	"Carlos G Velazco-Macias"	"CC_BY_NC_4_0"	"https://www.inaturalist.org/observations/129904464"
"3889293472"	"Steven Mlodinow"	"CC_BY_NC_4_0"	"https://www.inaturalist.org/observations/129761093"
"3892272443"	"sanners505"	"CC_BY_NC_4_0"	"https://www.inaturalist.org/observations/124662598"
"3892280471"	"Julien Bottinelli"	"CC_BY_NC_4_0"	"https://www.inaturalist.org/observations/129577438"
"3892297471"	"Crowdy Pollock"	"CC_BY_NC_4_0"	"https://www.inaturalist.org/observations/127896502"
"3892305435"	"Wilson Lombana Riaño"	"CC_BY_NC_4_0"	"https://www.inaturalist.org/observations/124830953"
"3892370457"	"wadechappell"	"CC_BY_NC_4_0"	"https://www.inaturalist.org/observations/126434092"
"3892400448"	"cficaza"	"CC_BY_NC_4_0"	"https://www.inaturalist.org/observations/125379877"
"3892416908"	"Daniel Bocanumenth E."	"CC_BY_NC_4_0"	"https://www.inaturalist.org/observations/130656755"
"3892447581"	"Brent Franklin"	"CC_BY_NC_4_0"	"https://www.inaturalist.org/observations/130190137"
"3892452524"	"Julie"	"CC_BY_NC_4_0"	"https://www.inaturalist.org/observations/129453774"
"3892618446"	"hakiri"	"CC_BY_NC_4_0"	"https://www.inaturalist.org/observations/126799907"
"3892677937"	"Isabel"	"CC_BY_NC_4_0"	"https://www.inaturalist.org/observations/130664953"
"3902080909"	"Charles Brown"	"CC_BY_NC_4_0"	"https://www.inaturalist.org/observations/129011506"
"3902212375"	"Chloe and Trevor Van Loon"	"CC_BY_4_0"	"https://www.inaturalist.org/observations/125022541"
"3902221406"	"kevin_goddard7878"	"CC_BY_NC_4_0"	"https://www.inaturalist.org/observations/124440597"
"3902223554"	"Matthieu Gauvain"	"CC_BY_4_0"	"https://www.inaturalist.org/observations/132292802"
"3902243914"	"Max Ramey"	"CC_BY_NC_4_0"	"https://www.inaturalist.org/observations/131279164"
"3902255822"	"Ellyne Geurts"	"CC0_1_0"	"https://www.inaturalist.org/observations/127633045"
"3902257521"	"fowels"	"CC0_1_0"	"https://www.inaturalist.org/observations/130182601"
"3902277554"	"roschroll"	"CC_BY_NC_4_0"	"https://www.inaturalist.org/observations/127660154"
"3902309636"	"Li"	"CC_BY_NC_4_0"	"https://www.inaturalist.org/observations/125935423"
"3902312660"	"Rajiv Thanawala"	"CC_BY_NC_4_0"	"https://www.inaturalist.org/observations/129657679"
"3902380481"	"Katja Schulz"	"CC0_1_0"	"https://www.inaturalist.org/observations/131826341"
"3902387755"	"Hans Holbrook"	"CC_BY_NC_4_0"	"https://www.inaturalist.org/observations/131362429"
"3902390582"	"Александр Корепанов"	"CC_BY_4_0"	"https://www.inaturalist.org/observations/125299463"
"3902395595"	"Michael Knapp"	"CC_BY_4_0"	"https://www.inaturalist.org/observations/130103485"
"3902398613"	"Chloe and Trevor Van Loon"	"CC_BY_4_0"	"https://www.inaturalist.org/observations/125836679"
"3902400774"	"lrussoutk"	"CC_BY_NC_4_0"	"https://www.inaturalist.org/observations/128304189"
"3902445123"	"Tom"	"CC_BY_4_0"	"https://www.inaturalist.org/observations/131847952"
"3902455890"	"Jonathan Layman"	"CC_BY_4_0"	"https://www.inaturalist.org/observations/133392139"
"3902572639"	"Σάββας Ζαφειρίου (Savvas Zafeiriou)"	"CC_BY_NC_4_0"	"https://www.inaturalist.org/observations/131315833"
"3902686514"	"lacerta_viridis"	"CC_BY_NC_4_0"	"https://www.inaturalist.org/observations/133209089"
"3902726057"	"James Bailey"	"CC_BY_NC_4_0"	"https://www.inaturalist.org/observations/132364689"
"3902802006"	"Cecil Smith"	"CC_BY_4_0"	"https://www.inaturalist.org/observations/131893487"
"3902836802"	"Sam Moore"	"CC_BY_NC_4_0"	"https://www.inaturalist.org/observations/128751380"
"3902840779"	"maelan51"	"CC_BY_NC_4_0"	"https://www.inaturalist.org/observations/131430093"
"3902875421"	"brocchini"	"CC_BY_NC_4_0"	"https://www.inaturalist.org/observations/129212544"
"3902894183"	"solicallo"	"CC_BY_NC_4_0"	"https://www.inaturalist.org/observations/134244339"
"3902901738"	"Ryzhkov Oleg"	"CC_BY_NC_4_0"	"https://www.inaturalist.org/observations/132373971"
"3902905358"	"Douglas Tate"	"CC_BY_NC_4_0"	"https://www.inaturalist.org/observations/132014752"
"3902976131"	"Paul G. Johnson"	"CC_BY_NC_4_0"	"https://www.inaturalist.org/observations/132783623"
"3903126787"	"Jason Headley"	"CC_BY_4_0"	"https://www.inaturalist.org/observations/132653411"
"3903142420"	"MP Zhou"	"CC_BY_NC_4_0"	"https://www.inaturalist.org/observations/133108971"
"3903270344"	"roamingthewoods"	"CC_BY_NC_4_0"	"https://www.inaturalist.org/observations/133153155"
"3903472963"	"Uwe Mueller-Doblies"	"CC_BY_NC_4_0"	"https://www.inaturalist.org/observations/134722035"
"3903536996"	"Ivlev-Konstantin-Sergeevith"	"CC_BY_NC_4_0"	"https://www.inaturalist.org/observations/134610449"
"3912134649"	"The Leach"	"CC_BY_NC_4_0"	"https://www.inaturalist.org/observations/126107870"
"3915268444"	"James Bailey"	"CC_BY_NC_4_0"	"https://www.inaturalist.org/observations/129360426"
"3915306613"	"Frode Jacobsen"	"CC_BY_NC_4_0"	"https://www.inaturalist.org/observations/126378277"
"3915319536"	"Seth Wollney"	"CC_BY_4_0"	"https://www.inaturalist.org/observations/127383133"
"3915339444"	"Corey Lange"	"CC_BY_NC_4_0"	"https://www.inaturalist.org/observations/126772538"
"3915379459"	"ozarkpoppy"	"CC_BY_NC_4_0"	"https://www.inaturalist.org/observations/124748032"
"3915386596"	"Mariko"	"CC_BY_NC_4_0"	"https://www.inaturalist.org/observations/126229676"
"3915403584"	"ahmetk"	"CC_BY_NC_4_0"	"https://www.inaturalist.org/observations/125273394"
"3915440620"	"jmass"	"CC_BY_NC_4_0"	"https://www.inaturalist.org/observations/127450261"
"3915456562"	"nbjersey"	"CC_BY_NC_4_0"	"https://www.inaturalist.org/observations/127726165"
"3923253534"	"Rose A. Payne"	"CC_BY_NC_4_0"	"https://www.inaturalist.org/observations/124445273"
"3923402533"	"capi78"	"CC_BY_NC_4_0"	"https://www.inaturalist.org/observations/124897122"
"3923468545"	"Annette Geiser-Barkhausen"	"CC_BY_NC_4_0"	"https://www.inaturalist.org/observations/126690147"
"3923470694"	"esperidiaoneto"	"CC_BY_NC_4_0"	"https://www.inaturalist.org/observations/136190170"
"3923489537"	"zicky"	"CC_BY_NC_4_0"	"https://www.inaturalist.org/observations/128587838"
"3925011524"	"sukesch"	"CC_BY_NC_4_0"	"https://www.inaturalist.org/observations/127895903"
"3925167557"	"ronmev"	"CC_BY_NC_4_0"	"https://www.inaturalist.org/observations/125639530"
"3925196539"	"桃子"	"CC_BY_NC_4_0"	"https://www.inaturalist.org/observations/125475612"
"123640824"	"lmata"	"CC0"	"https://www.inaturalist.org/observations/123640824"
"123641216"	"netnapha"	"CC-BY-NC"	"https://www.inaturalist.org/observations/123641216"
"123660277"	"tomfiba"	"CC-BY-NC"	"https://www.inaturalist.org/observations/123660277"
"123665462"	"dberg_"	"CC-BY-NC"	"https://www.inaturalist.org/observations/123665462"
"123665793"	"dberg_"	"CC-BY-NC"	"https://www.inaturalist.org/observations/123665793"
"123671009"	"michael-lueth"	"CC-BY-NC"	"https://www.inaturalist.org/observations/123671009"
"123681200"	"bakergelbard"	"CC-BY-NC"	"https://www.inaturalist.org/observations/123681200"
"123687839"	"capi78"	"CC-BY-NC"	"https://www.inaturalist.org/observations/123687839"
"123692270"	"luciaromo01"	"CC-BY-NC"	"https://www.inaturalist.org/observations/123692270"
"123696739"	"dendrol"	"CC-BY-NC"	"https://www.inaturalist.org/observations/123696739"
"123697206"	"whutchins"	"CC-BY-NC"	"https://www.inaturalist.org/observations/123697206"
"123702902"	"brookfieldzoo"	"CC-BY-NC"	"https://www.inaturalist.org/observations/123702902"
"123703598"	"james8291"	"CC-BY-NC"	"https://www.inaturalist.org/observations/123703598"
"123708225"	"texcat"	"CC-BY-NC"	"https://www.inaturalist.org/observations/123708225"
"123708778"	"major_bombylius"	"CC-BY"	"https://www.inaturalist.org/observations/123708778"
"123722364"	"eli-cav"	"CC-BY-NC"	"https://www.inaturalist.org/observations/123722364"
"123722847"	"kcmaynard"	"CC-BY-NC"	"https://www.inaturalist.org/observations/123722847"
"123732237"	"epopov"	"CC-BY-NC"	"https://www.inaturalist.org/observations/123732237"
"123745460"	"janbecker"	"CC-BY-NC"	"https://www.inaturalist.org/observations/123745460"
"123747170"	"mothyfriend"	"CC-BY-NC"	"https://www.inaturalist.org/observations/123747170"
"123755473"	"karolina"	"CC-BY-NC"	"https://www.inaturalist.org/observations/123755473"
"123766970"	"mzeller0930"	"CC-BY-NC"	"https://www.inaturalist.org/observations/123766970"
"123779563"	"brhammack"	"CC-BY-NC"	"https://www.inaturalist.org/observations/123779563"
"123783436"	"dlkbetkes"	"CC-BY-NC"	"https://www.inaturalist.org/observations/123783436"
"123808273"	"sh1025"	"CC-BY-NC"	"https://www.inaturalist.org/observations/123808273"
"123821511"	"rickbarricklow"	"CC-BY-NC"	"https://www.inaturalist.org/observations/123821511"
"123823845"	"adeilsonmelo"	"CC-BY-NC"	"https://www.inaturalist.org/observations/123823845"
"123826192"	"daniel1201"	"CC0"	"https://www.inaturalist.org/observations/123826192"
"123827515"	"lakelifexo"	"CC-BY-NC"	"https://www.inaturalist.org/observations/123827515"
"123833912"	"dorisla"	"CC-BY-NC"	"https://www.inaturalist.org/observations/123833912"
"123843970"	"xpyao"	"CC-BY-NC"	"https://www.inaturalist.org/observations/123843970"
"123853362"	"diegomeneses"	"CC-BY-NC"	"https://www.inaturalist.org/observations/123853362"
"123853483"	"shellman"	"CC-BY-NC"	"https://www.inaturalist.org/observations/123853483"
"123857541"	"lily_schrader"	"CC-BY-NC"	"https://www.inaturalist.org/observations/123857541"
"123871319"	"anurabc"	"CC-BY-NC"	"https://www.inaturalist.org/observations/123871319"
"123874216"	"keith28"	"CC-BY-NC"	"https://www.inaturalist.org/observations/123874216"
"123875443"	"francisbirlenbach"	"CC-BY-NC"	"https://www.inaturalist.org/observations/123875443"
"123879344"	"gabrielmayrhofer"	"CC0"	"https://www.inaturalist.org/observations/123879344"
"123879775"	"karen2001"	"CC-BY-NC"	"https://www.inaturalist.org/observations/123879775"
"123880021"	"zsazsa19"	"CC-BY-NC"	"https://www.inaturalist.org/observations/123880021"
"123884450"	"beerhamut"	"CC-BY-NC"	"https://www.inaturalist.org/observations/123884450"
"123888298"	"mothyfriend"	"CC-BY-NC"	"https://www.inaturalist.org/observations/123888298"
"123891958"	"turtless"	"CC0"	"https://www.inaturalist.org/observations/123891958"
"123897635"	"nurislam"	"CC-BY-NC"	"https://www.inaturalist.org/observations/123897635"
"123897662"	"dianasiniestra"	"CC-BY-NC"	"https://www.inaturalist.org/observations/123897662"
"123902192"	"jmfindigo"	"CC-BY-NC"	"https://www.inaturalist.org/observations/123902192"
"123911554"	"luis_77"	"CC-BY-NC"	"https://www.inaturalist.org/observations/123911554"
"123912579"	"mountainclimber11d7"	"CC-BY-NC"	"https://www.inaturalist.org/observations/123912579"
"123913196"	"swz_ottawa"	"CC-BY-NC"	"https://www.inaturalist.org/observations/123913196"
"123919275"	"jordan_virge"	"CC-BY-NC"	"https://www.inaturalist.org/observations/123919275"
"123921354"	"ecologyquail"	"CC-BY-NC"	"https://www.inaturalist.org/observations/123921354"
"123925539"	"jackychiangmai"	"CC-BY-NC"	"https://www.inaturalist.org/observations/123925539"
"123929522"	"omsi"	"CC-BY-NC"	"https://www.inaturalist.org/observations/123929522"
"123930487"	"sam10turner"	"CC-BY-NC"	"https://www.inaturalist.org/observations/123930487"
"123938224"	"tcodistance"	"CC-BY-NC"	"https://www.inaturalist.org/observations/123938224"
"123942199"	"garyckk"	"CC-BY-NC"	"https://www.inaturalist.org/observations/123942199"
"123942567"	"jpreudhomme"	"CC-BY-NC"	"https://www.inaturalist.org/observations/123942567"
"123942751"	"triciastewart"	"CC-BY-NC"	"https://www.inaturalist.org/observations/123942751"
"123945367"	"mapa0784"	"CC-BY-NC"	"https://www.inaturalist.org/observations/123945367"
"123961225"	"babsiduka"	"CC-BY-NC"	"https://www.inaturalist.org/observations/123961225"
"123964282"	"joshualincoln"	"CC-BY-NC"	"https://www.inaturalist.org/observations/123964282"
"123969400"	"josef-schmid"	"CC-BY-NC"	"https://www.inaturalist.org/observations/123969400"
"123971162"	"funnystuff2495"	"CC-BY-NC"	"https://www.inaturalist.org/observations/123971162"
"123971554"	"paco_durango"	"CC-BY-NC"	"https://www.inaturalist.org/observations/123971554"
"123973604"	"sbroc"	"CC-BY-NC"	"https://www.inaturalist.org/observations/123973604"
"123975022"	"pelfman"	"CC-BY-NC"	"https://www.inaturalist.org/observations/123975022"
"123976119"	"lund"	"CC-BY-NC"	"https://www.inaturalist.org/observations/123976119"
"123977724"	"spiceandvicki"	"CC-BY-NC"	"https://www.inaturalist.org/observations/123977724"
"123980905"	"rodolfosalinas"	"CC-BY"	"https://www.inaturalist.org/observations/123980905"
"123981578"	"nikitiuk"	"CC-BY-NC"	"https://www.inaturalist.org/observations/123981578"
"123994932"	"mbarath"	"CC-BY-NC"	"https://www.inaturalist.org/observations/123994932"
"124001095"	"christine123"	"CC-BY"	"https://www.inaturalist.org/observations/124001095"
"124004831"	"wildonnatura"	"CC-BY-NC"	"https://www.inaturalist.org/observations/124004831"
"124004834"	"wildonnatura"	"CC-BY-NC"	"https://www.inaturalist.org/observations/124004834"
"124006095"	"smyodes"	"CC-BY-NC"	"https://www.inaturalist.org/observations/124006095"
"124021024"	"anycade1"	"CC-BY-NC"	"https://www.inaturalist.org/observations/124021024"
"124029026"	"preetalina"	"CC-BY-NC"	"https://www.inaturalist.org/observations/124029026"
"124029987"	"toadranger"	"CC-BY-NC"	"https://www.inaturalist.org/observations/124029987"
"124034075"	"jemredwood"	"CC-BY-NC"	"https://www.inaturalist.org/observations/124034075"
"124040522"	"plantznstuff"	"CC-BY-NC"	"https://www.inaturalist.org/observations/124040522"
"124045691"	"rgvbirdingallnature"	"CC-BY-NC"	"https://www.inaturalist.org/observations/124045691"
"124050773"	"canuq"	"CC-BY-NC"	"https://www.inaturalist.org/observations/124050773"
"124051099"	"davebell27"	"CC-BY"	"https://www.inaturalist.org/observations/124051099"
"124051402"	"smrozak"	"CC-BY-NC"	"https://www.inaturalist.org/observations/124051402"
"124058050"	"wilsonlombana"	"CC-BY-NC"	"https://www.inaturalist.org/observations/124058050"
"124064168"	"cyrusli"	"CC-BY-NC"	"https://www.inaturalist.org/observations/124064168"
"124065480"	"rileypollom"	"CC-BY-NC"	"https://www.inaturalist.org/observations/124065480"
"124069067"	"native_plants_joe"	"CC-BY-NC"	"https://www.inaturalist.org/observations/124069067"
"124069516"	"dusty_in_vilas-tx"	"CC-BY-NC"	"https://www.inaturalist.org/observations/124069516"
"124076355"	"pintail"	"CC-BY-NC-SA"	"https://www.inaturalist.org/observations/124076355"
"124081403"	"maria_jose150"	"CC-BY-NC"	"https://www.inaturalist.org/observations/124081403"
"124088021"	"jeroen_van_akkeren"	"CC-BY-NC"	"https://www.inaturalist.org/observations/124088021"
"124089998"	"cesdamess"	"CC-BY-NC"	"https://www.inaturalist.org/observations/124089998"
"124098221"	"rangerclow"	"CC-BY-NC"	"https://www.inaturalist.org/observations/124098221"
"124103963"	"evpo"	"CC-BY-NC"	"https://www.inaturalist.org/observations/124103963"
"124105058"	"cotonpinto"	"CC-BY-NC"	"https://www.inaturalist.org/observations/124105058"
"124109623"	"fredericnantes"	"CC-BY-NC-SA"	"https://www.inaturalist.org/observations/124109623"
"124111067"	"shbnature"	"CC-BY-NC"	"https://www.inaturalist.org/observations/124111067"
"124113431"	"robvanepps"	"CC-BY-NC"	"https://www.inaturalist.org/observations/124113431"
"124115439"	"melaine65"	"CC-BY-NC"	"https://www.inaturalist.org/observations/124115439"
"124118774"	"sebawill"	"CC-BY-NC"	"https://www.inaturalist.org/observations/124118774"
"124131721"	"tcil"	"CC-BY-NC"	"https://www.inaturalist.org/observations/124131721"
"124132786"	"jakezehnder"	"CC-BY-NC"	"https://www.inaturalist.org/observations/124132786"
"124143966"	"martin_true5"	"CC-BY-NC"	"https://www.inaturalist.org/observations/124143966"
"124145563"	"huberg"	"CC-BY-NC"	"https://www.inaturalist.org/observations/124145563"
"124147372"	"wochenendwanderer"	"CC-BY-NC"	"https://www.inaturalist.org/observations/124147372"
"124162275"	"kast"	"CC-BY-NC"	"https://www.inaturalist.org/observations/124162275"
"124165164"	"brianstahls"	"CC-BY-NC"	"https://www.inaturalist.org/observations/124165164"
"124170233"	"mazeson"	"CC-BY-NC"	"https://www.inaturalist.org/observations/124170233"
"124172271"	"johnlandon"	"CC-BY-NC"	"https://www.inaturalist.org/observations/124172271"
"124176386"	"ricknirschl"	"CC-BY-NC"	"https://www.inaturalist.org/observations/124176386"
"124182841"	"franklinhowley"	"CC-BY-NC"	"https://www.inaturalist.org/observations/124182841"
"124183635"	"chandlerscottc"	"CC-BY-NC"	"https://www.inaturalist.org/observations/124183635"
"124191019"	"puffin21"	"CC-BY-NC"	"https://www.inaturalist.org/observations/124191019"
"124193170"	"pascal_samson"	"CC-BY-NC"	"https://www.inaturalist.org/observations/124193170"
"124198421"	"ksgardener1"	"CC-BY-NC"	"https://www.inaturalist.org/observations/124198421"
"124200070"	"rgvbirdingallnature"	"CC-BY-NC"	"https://www.inaturalist.org/observations/124200070"
"124209724"	"cypselurus"	"CC-BY-NC"	"https://www.inaturalist.org/observations/124209724"
"124211476"	"isaac_arias"	"CC-BY-NC-SA"	"https://www.inaturalist.org/observations/124211476"
"124213693"	"lawrence_mx"	"CC-BY-NC"	"https://www.inaturalist.org/observations/124213693"
"124221900"	"amandahay"	"CC-BY-NC"	"https://www.inaturalist.org/observations/124221900"
"124228386"	"baliwildlife"	"CC-BY-NC"	"https://www.inaturalist.org/observations/124228386"
"124230067"	"josefwirth"	"CC-BY-NC"	"https://www.inaturalist.org/observations/124230067"
"124231119"	"krezga"	"CC-BY-NC"	"https://www.inaturalist.org/observations/124231119"
"124234337"	"invernity"	"CC-BY-NC"	"https://www.inaturalist.org/observations/124234337"
"124234805"	"loenjhih"	"CC-BY-NC"	"https://www.inaturalist.org/observations/124234805"
"124238153"	"wasserwanze"	"CC-BY-NC"	"https://www.inaturalist.org/observations/124238153"
"124239303"	"bk-capchickadee12"	"CC-BY-NC"	"https://www.inaturalist.org/observations/124239303"
"124239883"	"jeffreypascoe"	"CC-BY-NC"	"https://www.inaturalist.org/observations/124239883"
"124241058"	"rosawoodsii"	"CC-BY"	"https://www.inaturalist.org/observations/124241058"
"124244589"	"zacpeterson"	"CC-BY-NC"	"https://www.inaturalist.org/observations/124244589"
"124247928"	"ti-mec"	"CC-BY-NC"	"https://www.inaturalist.org/observations/124247928"
"124252421"	"susanne-kasimir"	"CC-BY"	"https://www.inaturalist.org/observations/124252421"
"124254594"	"adriankreft"	"CC-BY-NC"	"https://www.inaturalist.org/observations/124254594"
"124255211"	"zonic79"	"CC-BY-NC"	"https://www.inaturalist.org/observations/124255211"
"124255897"	"malisaspring"	"CC-BY-NC"	"https://www.inaturalist.org/observations/124255897"
"124256997"	"robeng1983"	"CC-BY-NC"	"https://www.inaturalist.org/observations/124256997"
"124263523"	"alexaxela"	"CC-BY-NC"	"https://www.inaturalist.org/observations/124263523"
"124267699"	"eve30401"	"CC-BY-NC"	"https://www.inaturalist.org/observations/124267699"
"124274069"	"aminoa"	"CC-BY"	"https://www.inaturalist.org/observations/124274069"
"124281564"	"tana007"	"CC-BY-NC"	"https://www.inaturalist.org/observations/124281564"
"124281998"	"thiebaud"	"CC-BY-NC"	"https://www.inaturalist.org/observations/124281998"
"124283971"	"hemala_vladimir"	"CC-BY"	"https://www.inaturalist.org/observations/124283971"
"124284528"	"peterlindbergjannerup"	"CC-BY-NC"	"https://www.inaturalist.org/observations/124284528"
"124285357"	"edisoncigany"	"CC-BY-NC"	"https://www.inaturalist.org/observations/124285357"
"124285409"	"krylenkosl"	"CC-BY-NC"	"https://www.inaturalist.org/observations/124285409"
"124286204"	"altspen"	"CC-BY-NC"	"https://www.inaturalist.org/observations/124286204"
"124287120"	"proth"	"CC-BY-NC"	"https://www.inaturalist.org/observations/124287120"
"124292618"	"desversen"	"CC-BY-NC"	"https://www.inaturalist.org/observations/124292618"
"124295380"	"househopper_jr"	"CC-BY-NC"	"https://www.inaturalist.org/observations/124295380"
"124296646"	"reptipods"	"CC-BY-NC"	"https://www.inaturalist.org/observations/124296646"
"124297620"	"steven-cyclist"	"CC-BY"	"https://www.inaturalist.org/observations/124297620"
"124304719"	"leusink"	"CC-BY-NC"	"https://www.inaturalist.org/observations/124304719"
"124306140"	"aphili8"	"CC-BY-SA"	"https://www.inaturalist.org/observations/124306140"
"124309456"	"saranavarro"	"CC-BY"	"https://www.inaturalist.org/observations/124309456"
"124309594"	"izabellamus"	"CC-BY-NC"	"https://www.inaturalist.org/observations/124309594"
"124309959"	"colivia"	"CC-BY-NC"	"https://www.inaturalist.org/observations/124309959"
"124311286"	"merlu"	"CC-BY-NC"	"https://www.inaturalist.org/observations/124311286"
"124320472"	"sbaxter"	"CC-BY-NC"	"https://www.inaturalist.org/observations/124320472"
"124321531"	"sbaxter"	"CC-BY-NC"	"https://www.inaturalist.org/observations/124321531"
"124324046"	"martinho_cabana"	"CC-BY"	"https://www.inaturalist.org/observations/124324046"
"124338118"	"billsiebert"	"CC-BY-NC"	"https://www.inaturalist.org/observations/124338118"
"124342758"	"sariai"	"CC-BY-NC"	"https://www.inaturalist.org/observations/124342758"
"124343178"	"syribiq"	"CC-BY-NC"	"https://www.inaturalist.org/observations/124343178"
"124348974"	"poultrypalace"	"CC-BY-NC"	"https://www.inaturalist.org/observations/124348974"
"124350225"	"eliadne"	"CC-BY-NC"	"https://www.inaturalist.org/observations/124350225"
"124351053"	"omsi"	"CC-BY-NC"	"https://www.inaturalist.org/observations/124351053"
"124352133"	"df2260"	"CC-BY-NC"	"https://www.inaturalist.org/observations/124352133"
"124352764"	"decap0de"	"CC-BY-NC"	"https://www.inaturalist.org/observations/124352764"
"124354038"	"geragotelis"	"CC-BY-NC"	"https://www.inaturalist.org/observations/124354038"
"124357827"	"ruebezahl"	"CC0"	"https://www.inaturalist.org/observations/124357827"
"124363077"	"sylshessa"	"CC-BY-NC"	"https://www.inaturalist.org/observations/124363077"
"124364922"	"rmounce"	"CC0"	"https://www.inaturalist.org/observations/124364922"
"124367565"	"ken_j_allison"	"CC-BY-NC"	"https://www.inaturalist.org/observations/124367565"
"124367644"	"klondikebarzzz"	"CC-BY-NC"	"https://www.inaturalist.org/observations/124367644"
"124374372"	"paul_luap"	"CC0"	"https://www.inaturalist.org/observations/124374372"
"124374985"	"carolwkns"	"CC-BY-NC"	"https://www.inaturalist.org/observations/124374985"
"124388748"	"fanica"	"CC-BY-NC"	"https://www.inaturalist.org/observations/124388748"
"124396939"	"alfredoavila"	"CC-BY-NC"	"https://www.inaturalist.org/observations/124396939"
"124398042"	"sauron978"	"CC-BY-NC"	"https://www.inaturalist.org/observations/124398042"
"124399540"	"joseph92"	"CC-BY"	"https://www.inaturalist.org/observations/124399540"
"124405855"	"rikimiller"	"CC-BY-NC"	"https://www.inaturalist.org/observations/124405855"
"124405935"	"rikimiller"	"CC-BY-NC"	"https://www.inaturalist.org/observations/124405935"
"124411325"	"maractwin"	"CC-BY"	"https://www.inaturalist.org/observations/124411325"
"124417521"	"patkat14"	"CC-BY-NC"	"https://www.inaturalist.org/observations/124417521"
"124418469"	"nausikaafaiaka"	"CC-BY-NC"	"https://www.inaturalist.org/observations/124418469"
"124418550"	"michael_baden"	"CC-BY"	"https://www.inaturalist.org/observations/124418550"
"124422701"	"carabid_47"	"CC-BY-NC"	"https://www.inaturalist.org/observations/124422701"
"124422758"	"apple_root"	"CC-BY-NC"	"https://www.inaturalist.org/observations/124422758"
"124438461"	"meuchael"	"CC-BY-NC"	"https://www.inaturalist.org/observations/124438461"
"124440018"	"cramnaejvallieres"	"CC-BY-NC"	"https://www.inaturalist.org/observations/124440018"
"124444127"	"populustremuloides"	"CC-BY-NC"	"https://www.inaturalist.org/observations/124444127"
"124444765"	"cramnaejvallieres"	"CC-BY-NC"	"https://www.inaturalist.org/observations/124444765"
"124449274"	"brianwhite"	"CC-BY"	"https://www.inaturalist.org/observations/124449274"
"124453246"	"zinodoff"	"CC-BY-NC"	"https://www.inaturalist.org/observations/124453246"
"124454621"	"padraicflood"	"CC-BY-NC-SA"	"https://www.inaturalist.org/observations/124454621"
"124460428"	"pepiz"	"CC-BY-NC"	"https://www.inaturalist.org/observations/124460428"
"124460744"	"tcontador"	"CC-BY-NC"	"https://www.inaturalist.org/observations/124460744"
"124472876"	"rasamoto"	"CC-BY-NC"	"https://www.inaturalist.org/observations/124472876"
"124473784"	"origamilevi"	"CC-BY-NC"	"https://www.inaturalist.org/observations/124473784"
"124473918"	"wildreturn"	"CC0"	"https://www.inaturalist.org/observations/124473918"
"124483120"	"rboudouris"	"CC-BY-NC"	"https://www.inaturalist.org/observations/124483120"
"124485112"	"geographerdave"	"CC-BY-NC-SA"	"https://www.inaturalist.org/observations/124485112"
"124486478"	"jtylerbell"	"CC-BY-NC"	"https://www.inaturalist.org/observations/124486478"
"124490847"	"nickseefeldt"	"CC-BY-NC"	"https://www.inaturalist.org/observations/124490847"
"124490985"	"dexternienhaus"	"CC-BY-NC"	"https://www.inaturalist.org/observations/124490985"
"124492277"	"briars_backyard"	"CC-BY-NC"	"https://www.inaturalist.org/observations/124492277"
"124502226"	"cyrusli"	"CC-BY-NC"	"https://www.inaturalist.org/observations/124502226"
"124505597"	"anhz16cas"	"CC-BY-NC"	"https://www.inaturalist.org/observations/124505597"
"124507167"	"rfkjr"	"CC-BY-NC"	"https://www.inaturalist.org/observations/124507167"
"124513563"	"dougallii"	"CC-BY-NC"	"https://www.inaturalist.org/observations/124513563"
"124527294"	"pintail"	"CC-BY-NC-SA"	"https://www.inaturalist.org/observations/124527294"
"124535120"	"davidljroy"	"CC-BY-NC"	"https://www.inaturalist.org/observations/124535120"
"124536713"	"monicap273"	"CC-BY-NC"	"https://www.inaturalist.org/observations/124536713"
"124537557"	"davidfhuerta"	"CC-BY-NC"	"https://www.inaturalist.org/observations/124537557"
"124551839"	"genghisattenborough"	"CC-BY-NC"	"https://www.inaturalist.org/observations/124551839"
"124552364"	"nickfartree"	"CC-BY-NC"	"https://www.inaturalist.org/observations/124552364"
"124561996"	"janisjoplin17"	"CC-BY-NC"	"https://www.inaturalist.org/observations/124561996"
"124562087"	"letechp"	"CC-BY-NC"	"https://www.inaturalist.org/observations/124562087"
"124564243"	"andriy"	"CC-BY-NC"	"https://www.inaturalist.org/observations/124564243"
"124565604"	"smithb"	"CC-BY-NC"	"https://www.inaturalist.org/observations/124565604"
"124566339"	"vivi1874"	"CC-BY-NC"	"https://www.inaturalist.org/observations/124566339"
"124574803"	"fboetzl"	"CC-BY-NC"	"https://www.inaturalist.org/observations/124574803"
"124574815"	"fboetzl"	"CC-BY-NC"	"https://www.inaturalist.org/observations/124574815"
"124574818"	"fboetzl"	"CC-BY-NC"	"https://www.inaturalist.org/observations/124574818"
"124575489"	"admajora"	"CC-BY-NC"	"https://www.inaturalist.org/observations/124575489"
"124595874"	"enspring"	"CC-BY-NC"	"https://www.inaturalist.org/observations/124595874"
"124608728"	"kfirzi"	"CC-BY-NC"	"https://www.inaturalist.org/observations/124608728"
"124620729"	"drorf"	"CC-BY-NC"	"https://www.inaturalist.org/observations/124620729"
"124621112"	"jenogle"	"CC-BY-NC"	"https://www.inaturalist.org/observations/124621112"
"124623716"	"ameise23"	"CC-BY-NC"	"https://www.inaturalist.org/observations/124623716"
"124626086"	"court_rae"	"CC-BY-NC"	"https://www.inaturalist.org/observations/124626086"
"124644130"	"jigamaree"	"CC-BY-NC"	"https://www.inaturalist.org/observations/124644130"
"124649808"	"gonodactylus"	"CC-BY"	"https://www.inaturalist.org/observations/124649808"
"124650164"	"enspring"	"CC-BY-NC"	"https://www.inaturalist.org/observations/124650164"
"124651734"	"fernandoromao"	"CC-BY-NC"	"https://www.inaturalist.org/observations/124651734"
"124652988"	"herphendrie"	"CC-BY-NC"	"https://www.inaturalist.org/observations/124652988"
"124667410"	"nrg800"	"CC-BY-NC-SA"	"https://www.inaturalist.org/observations/124667410"
"124670601"	"vkord"	"CC-BY-NC"	"https://www.inaturalist.org/observations/124670601"
"124675824"	"mlwatson"	"CC-BY-NC"	"https://www.inaturalist.org/observations/124675824"
"124676878"	"naturalist11065"	"CC-BY-NC"	"https://www.inaturalist.org/observations/124676878"
"124677926"	"clondrak"	"CC-BY-NC"	"https://www.inaturalist.org/observations/124677926"
"124680619"	"averagewalrus"	"CC-BY"	"https://www.inaturalist.org/observations/124680619"
"124686315"	"edithstabentheiner"	"CC-BY-NC"	"https://www.inaturalist.org/observations/124686315"
"124688211"	"phil_crimson"	"CC-BY-NC"	"https://www.inaturalist.org/observations/124688211"
"124688325"	"phil_crimson"	"CC-BY-NC"	"https://www.inaturalist.org/observations/124688325"
"124691520"	"zaremamr"	"CC-BY-NC"	"https://www.inaturalist.org/observations/124691520"
"124693516"	"admajora"	"CC-BY-NC"	"https://www.inaturalist.org/observations/124693516"
"124694858"	"d_kurek"	"CC-BY-NC"	"https://www.inaturalist.org/observations/124694858"
"124697521"	"simon_oliver"	"CC-BY-NC"	"https://www.inaturalist.org/observations/124697521"
"124707430"	"atsyrw"	"CC-BY-NC"	"https://www.inaturalist.org/observations/124707430"
"124735580"	"gadel"	"CC-BY-NC"	"https://www.inaturalist.org/observations/124735580"
"124742133"	"jheiser"	"CC-BY-NC"	"https://www.inaturalist.org/observations/124742133"
"124758626"	"nijntje51"	"CC-BY-NC"	"https://www.inaturalist.org/observations/124758626"
"124767637"	"joshuadoby"	"CC-BY-NC"	"https://www.inaturalist.org/observations/124767637"
"124788961"	"jessicagreenberg"	"CC-BY-NC"	"https://www.inaturalist.org/observations/124788961"
"124826505"	"sarinole"	"CC-BY-NC"	"https://www.inaturalist.org/observations/124826505"
"124828393"	"ttnwen"	"CC-BY-NC"	"https://www.inaturalist.org/observations/124828393"
"124836658"	"scottkhome"	"CC-BY-NC"	"https://www.inaturalist.org/observations/124836658"
"124851025"	"ladymushroom"	"CC-BY-NC"	"https://www.inaturalist.org/observations/124851025"
"124870560"	"alanek"	"CC-BY-NC"	"https://www.inaturalist.org/observations/124870560"
"124872357"	"alexanderr"	"CC-BY-NC-SA"	"https://www.inaturalist.org/observations/124872357"
"124885338"	"dhochadel"	"CC-BY-NC"	"https://www.inaturalist.org/observations/124885338"
"124898093"	"andreykvitkin"	"CC-BY-NC"	"https://www.inaturalist.org/observations/124898093"
"124919405"	"bugeyedbernie"	"CC-BY"	"https://www.inaturalist.org/observations/124919405"
"124946990"	"sascha_n"	"CC-BY"	"https://www.inaturalist.org/observations/124946990"
"124962059"	"pdoran"	"CC-BY-NC"	"https://www.inaturalist.org/observations/124962059"
"124964912"	"seth_az"	"CC-BY-NC"	"https://www.inaturalist.org/observations/124964912"
"125050161"	"anameilike"	"CC-BY-NC"	"https://www.inaturalist.org/observations/125050161"
"125107166"	"chelsealynne"	"CC-BY-NC"	"https://www.inaturalist.org/observations/125107166"
"125163756"	"bruce68"	"CC-BY-NC"	"https://www.inaturalist.org/observations/125163756"
"125180477"	"starlequin"	"CC-BY-NC"	"https://www.inaturalist.org/observations/125180477"
"125211539"	"danielbarychko"	"CC-BY-NC"	"https://www.inaturalist.org/observations/125211539"
